1976,1977,1978,1979,1980,1981,1982,1983,1984,1985,1986,1987,1988,1989,1990,1991,1992,1993,1994,1995,1996,1997,1998,1999,2000,2001,2002,2003,2004,2005,2006,2007,2008,2009,2010,2011,2012,2013,2014,2015,2016,2017,2018,2019,2020,2021
120.1,139.8,145.8,36.7,16.6,60.0,61.1,65.7,102.0,79.1,216.1,109.1,2369.3,175.8,139.1,104.9,110.9,155.4,138.1,129.9,137.0,140.2,76.3,136.3,116.9,96.4,115.1,91.8,101.3,1.4,14.8,45.9,36.0,39.2,69.2,33.2,21.5,11.3,8.1,10.2,8.8,12.4,14.1,14.3,16.1,12.3
116.9,139.8,146.9,36.0,24.7,60.0,61.1,66.4,114.1,77.7,157.1,105.9,2461.1,179.0,139.8,110.2,109.1,148.3,117.9,127.1,137.0,148.7,72.0,134.9,110.9,91.1,115.5,90.0,100.6,1.4,14.8,41.7,38.5,35.3,69.9,33.2,22.2,10.9,7.8,10.2,9.2,12.4,13.1,14.3,15.8,13.2
113.0,139.8,143.0,35.3,17.3,60.4,61.1,67.1,111.9,74.5,126.1,103.1,2478.8,181.1,137.0,116.2,113.0,146.2,111.9,122.2,132.1,144.4,70.6,134.9,108.8,95.0,111.6,87.9,99.9,3.2,14.5,41.3,38.5,35.7,68.9,33.2,21.9,11.3,8.1,10.2,9.2,12.4,11.3,14.4,15.4,12.4
113.0,139.8,141.9,34.3,23.7,60.4,61.1,67.8,119.0,75.2,115.8,101.0,2528.2,186.1,139.1,104.9,113.0,146.2,108.0,121.1,139.8,144.1,78.7,135.9,106.3,100.6,111.6,89.0,98.5,1.1,17.7,39.9,36.7,36.4,68.5,32.8,20.8,11.3,8.5,10.2,9.2,12.4,10.6,14.4,15.5,12.0
113.0,139.8,141.9,38.8,20.8,60.4,61.1,68.5,114.1,76.6,108.0,96.0,2609.4,191.0,144.1,101.0,110.2,145.1,105.9,117.9,140.9,146.2,76.6,148.7,107.3,99.2,111.6,86.5,99.2,3.2,15.9,39.2,35.7,38.1,67.8,33.2,20.1,11.3,8.5,9.9,9.2,13.8,10.2,14.4,15.7,12.0
111.9,138.1,139.8,39.9,28.2,60.4,61.1,68.9,93.9,75.9,103.8,98.2,2648.3,198.1,140.9,99.9,111.9,148.3,110.2,113.0,152.9,144.8,84.7,144.4,107.7,104.5,111.9,85.1,98.5,2.1,15.5,38.1,37.8,36.7,66.4,33.5,20.1,11.3,8.1,9.5,9.5,14.1,10.2,14.2,15.9,11.8
111.9,135.9,139.1,39.9,28.6,60.4,61.1,69.6,97.5,75.6,105.9,96.4,2828.3,188.9,135.9,104.2,110.9,158.2,110.2,110.9,151.1,141.9,62.9,136.6,105.2,105.9,111.2,83.7,95.3,6.7,15.5,38.1,36.0,33.5,65.0,33.5,20.5,11.7,8.5,9.9,9.9,13.1,10.2,14.1,15.7,11.7
113.0,121.8,145.1,39.9,23.0,58.6,61.1,70.3,102.0,77.0,108.0,87.9,2828.3,185.0,128.9,101.0,110.2,147.2,109.1,114.1,139.1,135.6,96.7,132.4,106.6,111.9,108.0,84.0,93.6,12.7,15.5,38.1,35.7,32.1,67.1,35.7,21.2,13.8,8.5,10.2,9.5,12.7,10.2,14.8,16.1,12.2
114.1,132.1,152.9,34.6,21.2,58.6,61.1,71.0,95.0,82.6,102.0,87.9,2810.7,181.8,127.1,98.5,104.9,134.5,107.0,117.9,160.0,128.2,99.2,127.1,102.4,107.3,107.7,85.1,93.6,17.7,15.9,37.1,37.1,36.7,64.6,34.6,20.8,12.7,8.1,9.9,10.6,12.4,10.2,15.1,15.6,13.1
113.0,133.1,141.9,37.8,25.1,58.6,60.7,71.7,88.6,75.2,97.5,79.4,2418.7,182.9,126.1,96.7,102.0,135.2,110.9,109.1,151.1,128.9,101.0,121.8,99.9,101.3,108.0,85.8,89.7,23.3,16.2,38.8,37.1,34.3,61.4,33.9,20.8,11.7,8.5,9.9,9.2,12.4,10.2,14.4,16.4,12.9
109.8,133.1,133.8,41.0,26.1,58.6,60.7,72.4,59.3,76.3,94.6,85.1,2161.0,184.0,127.1,89.3,99.2,320.6,107.0,113.0,135.9,120.8,99.9,114.1,98.2,99.9,109.1,81.9,90.7,24.4,15.9,39.2,39.9,36.0,60.0,34.3,19.8,11.7,8.8,9.9,8.8,12.4,10.2,13.8,16.2,12.7
105.9,131.0,131.0,40.3,23.0,58.6,60.7,72.7,66.7,73.4,90.4,83.3,2161.0,182.9,128.9,78.0,98.9,349.6,141.9,104.9,128.9,108.4,101.7,109.5,96.7,85.5,106.6,80.9,92.5,23.7,14.1,35.7,38.5,36.7,59.0,33.9,20.5,11.7,8.5,9.9,10.2,12.7,10.9,13.6,15.8,12.9
103.1,132.1,133.8,36.7,23.0,58.6,60.0,71.7,69.9,70.6,86.9,83.0,2150.4,176.9,123.9,75.9,97.8,452.0,123.9,101.0,122.2,125.7,94.3,108.4,93.9,98.9,103.8,82.3,91.5,36.4,14.1,35.0,37.1,35.7,59.0,38.1,20.8,11.7,8.1,10.2,9.5,12.0,10.6,12.8,15.6,12.6
103.8,132.1,132.1,35.3,20.5,58.6,60.0,70.6,69.6,68.1,99.9,81.9,2178.6,173.0,121.8,76.3,95.7,462.6,163.8,97.8,120.1,165.6,79.1,104.5,90.0,98.9,102.0,81.6,91.5,42.7,13.4,35.7,35.7,35.3,57.2,38.5,20.8,10.9,7.8,10.6,9.5,12.0,10.6,12.4,15.6,12.5
93.6,129.9,128.9,35.3,22.6,58.6,60.0,76.6,70.3,66.7,115.1,111.9,1998.5,173.0,127.1,76.6,93.6,448.4,169.1,162.1,116.9,190.7,86.5,99.9,89.7,103.5,100.6,80.5,91.5,53.7,13.4,34.6,35.0,35.0,57.9,35.7,21.2,11.3,7.8,10.6,9.5,12.4,26.5,12.6,15.5,12.5
93.6,128.9,127.1,35.0,21.2,58.6,60.7,78.0,71.0,65.3,127.8,812.1,1518.3,172.0,127.1,76.3,93.6,448.4,190.0,212.9,117.9,309.3,90.0,101.3,87.6,96.4,100.3,79.1,92.5,31.8,13.8,34.3,34.6,35.3,58.6,35.7,21.2,11.3,7.4,11.3,9.5,12.0,13.4,12.9,15.0,12.6
97.8,125.0,126.1,33.5,21.2,61.4,60.7,78.0,72.0,67.4,120.1,875.7,1539.5,169.1,125.0,75.2,92.2,455.5,206.9,222.1,111.9,331.2,83.7,95.3,83.3,96.0,99.6,77.3,92.5,24.7,14.1,33.9,32.5,35.0,60.0,35.7,21.5,12.4,8.1,10.6,9.9,12.0,12.0,12.5,14.0,12.2
99.6,132.1,119.0,36.4,35.3,62.1,60.7,76.6,76.6,64.6,111.9,748.6,1430.1,173.0,122.9,75.9,93.2,427.3,229.2,229.9,110.2,315.7,81.9,92.2,78.7,95.0,99.9,77.7,92.9,17.7,15.2,32.8,33.9,33.5,57.9,35.3,21.5,12.7,8.5,10.6,9.9,12.0,11.7,11.6,14.6,12.8
99.2,137.0,107.0,32.5,31.4,64.3,61.8,75.6,78.0,63.9,109.1,678.0,1320.6,176.9,121.8,79.1,86.9,370.8,248.9,238.0,109.1,312.5,80.5,89.0,78.0,97.5,98.2,78.0,92.9,21.2,14.8,32.8,73.8,34.3,56.1,35.0,21.5,12.7,8.1,10.6,10.2,12.0,11.7,11.0,14.0,13.7
98.5,356.6,108.0,32.1,23.3,73.1,51.9,78.0,80.5,62.5,102.0,610.9,1299.4,175.1,115.8,77.0,84.4,315.0,241.9,240.1,113.0,315.7,80.5,242.9,78.0,95.7,98.5,74.5,94.3,30.7,15.2,32.8,54.7,33.9,60.0,35.7,20.8,11.7,7.8,10.6,10.6,12.4,11.7,10.8,13.9,12.5
103.8,487.3,114.1,29.7,21.5,269.1,50.8,89.7,82.3,61.4,97.1,557.9,1370.0,170.9,103.1,74.2,81.6,272.6,254.9,241.2,244.0,325.2,80.2,312.8,87.6,91.5,99.9,71.3,93.9,55.4,15.5,31.4,52.6,32.5,58.3,35.7,21.5,10.9,8.5,10.6,10.9,12.0,12.7,10.7,13.9,12.7
103.1,533.2,116.9,29.7,21.9,363.7,50.8,51.9,83.3,62.9,96.0,490.8,1451.2,174.1,109.8,77.0,77.3,237.3,283.9,240.1,294.8,337.9,78.4,323.4,87.2,88.3,97.5,69.6,92.9,23.0,14.8,30.4,55.8,36.7,57.6,45.5,21.5,10.2,8.1,10.2,12.4,11.7,11.7,11.1,17.9,13.1
103.8,540.2,113.0,28.2,20.5,388.4,48.7,57.9,84.4,62.9,99.2,434.3,1479.5,170.9,113.0,81.6,78.7,217.2,247.9,240.1,324.9,351.7,81.2,332.3,85.1,175.8,96.7,71.0,92.5,19.8,14.8,30.7,49.1,36.4,54.0,48.0,21.9,10.6,7.8,9.9,11.3,11.7,11.7,11.3,16.0,12.6
103.8,660.3,109.1,28.2,19.8,384.9,50.8,58.3,84.4,65.3,104.9,526.1,1500.7,169.8,109.1,79.4,76.3,277.9,235.9,247.9,336.2,353.1,74.2,347.5,87.6,501.4,95.3,71.3,92.2,24.7,15.2,30.4,47.0,35.3,51.9,38.5,21.5,10.9,7.4,9.5,10.9,11.7,11.7,9.9,15.8,13.1
103.8,469.6,109.1,28.2,30.7,317.8,50.8,57.6,85.5,60.7,104.9,586.1,1468.9,160.0,103.8,71.7,74.9,391.9,203.0,236.9,349.9,349.9,232.7,346.0,90.0,519.1,93.2,71.3,92.2,18.7,15.9,30.7,43.1,33.5,42.0,35.7,21.2,10.6,7.8,10.6,10.6,11.7,11.3,8.9,15.7,13.1
103.8,374.3,107.0,30.4,29.7,286.0,55.8,56.5,81.9,61.4,109.1,646.2,1458.3,163.1,95.3,72.7,72.7,406.1,209.0,230.9,367.2,360.2,309.3,342.2,94.3,519.1,89.3,63.6,93.6,16.6,15.9,30.4,55.1,33.2,36.4,35.3,21.5,10.6,8.5,10.2,10.6,11.3,11.7,9.2,15.5,12.8
96.7,348.9,103.8,30.4,27.5,271.9,55.8,55.8,82.6,61.1,105.9,695.6,1451.2,163.8,104.9,76.3,71.0,321.7,218.9,241.2,395.5,395.5,308.6,340.0,93.9,434.3,89.3,65.3,92.9,12.7,18.0,28.6,44.8,33.2,41.3,37.1,21.5,10.6,8.1,9.9,11.7,11.7,11.3,9.5,15.5,12.8
377.8,360.2,98.2,30.4,24.0,257.1,53.0,51.2,82.6,59.7,103.1,695.6,1610.1,164.9,103.1,74.5,68.1,279.7,223.2,247.9,356.6,430.8,323.4,339.7,91.8,413.1,91.1,64.3,92.9,12.4,15.2,27.9,42.7,35.0,39.9,51.6,21.5,10.6,7.8,8.8,11.3,11.7,11.7,9.7,15.1,12.4
441.4,335.8,95.3,30.7,23.0,244.0,53.0,49.4,81.9,60.4,103.1,678.0,1910.3,163.8,103.8,72.4,65.0,261.6,257.1,248.9,353.1,402.5,336.9,339.7,99.9,374.3,90.0,71.0,92.2,11.3,15.5,28.2,40.3,31.4,48.0,49.1,21.5,10.2,7.4,9.9,11.7,11.7,11.3,10.1,14.0,12.4
455.5,360.2,99.6,30.7,20.8,229.9,51.9,46.6,85.5,56.8,102.0,628.5,1920.9,161.0,103.8,73.1,62.9,259.9,236.9,254.9,309.0,344.3,322.7,345.7,182.6,331.6,88.6,85.5,92.2,5.6,16.2,28.2,42.7,30.0,53.0,43.8,20.8,10.2,7.4,10.2,12.0,11.7,11.7,10.1,13.9,12.7
430.8,487.3,95.3,29.7,18.4,215.0,53.0,129.9,88.3,55.4,92.9,642.6,1959.7,158.9,104.9,72.0,60.0,254.9,244.0,258.1,277.9,430.8,325.9,346.7,504.9,280.7,85.8,74.2,91.8,4.2,15.9,27.5,46.6,29.0,48.0,41.3,21.2,10.2,7.4,10.2,15.2,11.3,11.3,10.3,15.8,12.4
391.9,572.0,98.2,29.7,19.8,193.9,49.8,282.8,87.9,55.4,98.2,706.2,1998.5,163.1,121.1,75.2,59.0,251.1,234.1,263.1,268.0,487.3,330.5,350.6,526.1,190.7,77.0,78.0,83.3,1.4,15.5,27.5,38.8,28.2,48.0,39.5,21.2,9.9,7.4,9.9,13.1,12.0,11.3,10.7,16.4,12.0
356.6,508.5,98.2,30.4,21.2,196.0,47.0,300.1,88.3,53.0,109.8,692.1,1980.9,152.9,107.0,70.6,56.1,251.1,232.0,256.0,262.0,536.7,331.6,350.6,533.2,150.4,75.9,69.9,71.3,0.4,15.5,27.2,38.5,26.5,45.9,38.5,23.7,10.2,8.1,9.9,12.4,11.3,11.7,11.3,15.1,12.3
270.8,448.4,101.0,30.7,21.5,187.1,49.8,309.0,82.6,49.8,99.9,656.8,1910.3,152.9,87.2,67.4,53.0,258.1,234.1,235.2,257.1,526.1,253.5,356.6,529.7,130.3,86.2,80.9,64.3,1.1,15.2,26.5,36.4,27.5,46.3,64.3,25.1,10.2,8.1,9.9,12.0,10.9,11.7,11.4,14.9,12.4
258.8,316.0,96.7,31.4,21.2,182.9,48.7,321.0,96.0,45.9,91.8,600.3,1818.5,150.1,89.0,68.5,57.2,252.8,242.9,305.1,238.0,508.5,156.1,360.2,413.1,121.8,87.9,96.0,63.2,5.6,15.5,24.7,35.7,27.2,44.8,48.0,23.0,10.2,8.8,10.6,9.9,10.9,11.7,11.8,15.1,12.9
227.0,251.1,96.0,33.2,20.1,179.0,52.3,289.9,101.0,42.0,92.2,646.2,1751.4,160.0,87.6,74.9,76.3,243.6,252.8,321.0,232.0,487.3,127.1,353.1,377.8,109.8,169.8,109.8,63.9,1.4,26.1,23.3,35.3,23.7,42.4,43.8,22.2,10.6,8.1,10.6,9.5,10.9,11.3,12.2,15.6,12.0
172.0,240.1,96.4,41.0,20.8,162.1,52.6,215.0,101.0,38.8,91.1,600.3,1818.5,164.9,84.4,71.0,84.4,240.1,323.1,316.0,223.2,466.1,113.3,279.3,363.7,102.8,402.5,97.8,64.6,0.4,22.2,23.7,35.0,23.3,41.3,43.1,21.9,9.9,8.1,12.0,10.2,10.6,11.3,12.3,17.7,12.5
135.9,211.9,91.5,57.2,20.1,150.1,336.9,190.0,257.1,37.1,86.5,575.6,1818.5,193.1,80.2,49.1,85.5,249.6,333.0,307.9,212.9,455.5,104.5,234.1,324.1,96.0,430.8,81.6,64.6,2.1,15.5,24.0,35.0,23.3,41.3,43.4,23.0,9.9,8.8,11.7,10.6,11.3,11.3,13.0,14.9,11.9
109.1,220.0,88.6,43.1,19.1,139.1,469.6,176.9,324.9,37.4,86.2,745.0,1931.5,193.1,80.9,73.8,81.2,268.0,360.2,264.1,226.0,430.8,95.0,218.6,303.0,84.4,322.0,86.5,66.0,1.8,15.5,25.1,35.3,20.5,41.3,41.0,23.7,9.9,9.2,10.9,9.9,10.9,11.7,13.6,14.9,11.6
108.0,217.9,88.6,34.6,16.2,169.8,529.7,166.0,329.8,35.7,85.5,1031.1,1860.8,175.8,83.7,85.8,80.2,266.6,281.1,317.1,276.1,413.1,89.0,223.2,293.8,90.7,298.4,81.2,68.1,0.7,15.5,24.7,35.0,17.7,40.3,38.5,22.6,10.2,8.1,10.6,10.9,10.9,11.7,13.6,15.0,11.6
105.9,191.0,88.6,18.0,16.2,137.0,543.8,164.9,328.0,34.3,84.7,1151.1,1730.2,174.1,96.0,83.7,78.4,264.5,294.1,441.4,360.2,381.3,80.9,285.3,292.0,78.0,302.3,69.6,68.1,0.4,15.2,24.7,34.3,16.2,38.5,38.8,23.7,9.9,8.5,9.5,9.9,10.9,11.3,13.3,14.7,14.9
93.6,166.0,87.2,19.8,16.2,87.2,540.2,156.1,341.1,33.2,81.2,1108.7,1751.4,167.0,115.1,77.7,77.3,265.5,322.0,420.2,256.0,342.9,79.1,289.9,250.7,77.0,309.3,70.3,67.1,18.7,16.2,24.4,32.8,16.2,37.8,43.8,23.0,9.9,8.1,10.2,9.9,10.9,10.6,13.4,14.0,14.0
84.4,228.1,82.6,30.7,14.8,86.5,522.6,150.1,330.9,97.5,81.6,1108.7,1850.2,166.0,125.0,73.4,91.8,263.8,330.9,327.0,241.9,299.1,75.9,306.8,171.6,84.4,318.8,71.3,66.4,0.4,20.5,24.0,30.7,15.5,37.8,36.0,22.6,10.9,8.1,10.2,9.9,10.9,10.6,13.6,13.9,12.6
86.2,190.0,78.0,30.7,13.1,81.9,416.7,143.0,318.8,384.9,78.0,1048.7,1899.7,163.8,104.9,72.4,86.9,204.1,337.9,356.6,246.1,219.6,73.4,246.1,141.9,75.2,327.7,77.3,66.4,1.4,15.9,24.4,33.9,15.9,37.4,36.0,22.2,10.2,8.5,10.2,9.9,10.9,10.9,11.9,14.4,11.8
81.9,184.0,78.7,25.4,13.1,77.0,399.0,116.9,265.9,294.1,75.2,1020.5,1910.3,164.9,76.6,73.1,80.2,217.9,343.9,395.5,217.9,193.9,106.6,228.5,127.8,73.4,363.7,81.9,65.0,2.5,16.2,24.4,36.4,15.5,37.4,35.7,22.6,9.9,9.2,10.6,10.2,10.9,10.9,10.1,14.6,11.8
77.3,187.8,81.2,18.7,12.7,70.3,299.1,96.0,172.0,402.5,78.7,1080.5,1800.8,166.0,74.5,67.4,76.6,215.4,347.1,377.8,258.8,153.6,146.2,229.2,119.0,73.4,280.7,67.8,64.6,1.4,16.6,22.2,33.9,15.5,36.7,34.6,23.7,9.9,8.5,9.5,10.2,10.9,10.6,10.1,14.4,11.2
74.5,226.0,78.7,18.4,27.5,71.7,194.9,92.9,137.0,370.8,78.0,815.7,1751.4,155.0,85.5,64.3,79.1,229.2,331.9,391.9,413.1,239.0,120.1,233.8,112.6,71.7,303.7,69.2,64.3,2.1,14.1,21.2,32.5,19.4,37.1,33.9,23.7,10.2,8.8,9.5,10.6,10.9,10.6,16.2,14.0,0.0
69.9,265.9,80.5,17.7,24.0,79.4,155.0,89.0,123.9,260.9,79.1,695.6,1638.4,160.0,147.9,109.1,74.9,235.2,313.9,367.2,363.7,215.0,139.8,252.1,103.5,63.2,298.4,74.5,65.7,5.3,14.1,21.5,33.5,14.5,37.1,33.9,22.2,10.2,9.2,10.2,10.2,10.6,10.6,14.7,13.8,0.0
67.1,268.0,80.9,15.9,24.4,68.5,116.9,86.5,108.0,222.8,78.7,621.5,1550.1,163.8,173.0,91.1,77.3,221.7,367.2,300.8,264.8,184.7,328.4,269.4,96.0,58.6,319.2,65.7,65.7,5.6,14.8,21.9,33.2,13.1,37.4,34.6,21.5,9.9,8.8,10.2,10.6,10.6,10.6,11.6,13.9,0.0
67.1,197.0,79.1,15.9,19.4,80.2,102.0,82.6,101.0,180.1,79.4,550.8,1550.1,169.8,173.0,79.4,85.1,210.8,741.5,281.1,251.1,189.6,388.4,269.8,88.6,71.0,342.9,60.4,66.0,4.6,14.8,23.0,31.8,13.1,36.4,32.8,21.9,9.9,8.5,10.2,10.6,10.2,10.6,11.3,14.0,10.5
65.0,190.0,76.6,15.9,13.8,70.3,85.5,78.0,93.6,310.0,78.7,494.3,1560.7,245.1,180.1,82.3,78.7,211.9,441.4,312.1,282.8,206.9,333.7,333.0,91.1,90.7,340.4,61.1,79.4,7.4,14.8,23.0,31.1,12.0,33.9,32.1,22.2,9.5,7.8,10.9,10.6,10.2,10.2,10.2,13.7,10.9
66.7,157.8,76.6,15.9,17.7,67.1,75.6,74.5,89.3,315.0,79.1,543.8,1779.6,519.1,196.0,78.0,81.6,198.8,370.8,367.2,360.2,221.0,420.2,356.6,90.7,83.7,348.2,71.0,129.6,4.9,15.2,22.6,30.7,12.4,32.1,31.4,22.2,9.2,8.5,10.6,10.9,9.9,10.2,10.8,13.8,10.9
60.0,228.8,72.7,13.4,18.0,77.3,68.9,72.0,87.2,329.1,78.7,529.7,2040.9,413.1,175.8,77.3,76.6,196.7,384.9,272.9,298.0,224.9,490.8,356.6,183.3,99.9,339.7,66.0,115.1,8.8,15.2,22.2,31.8,12.0,149.0,31.4,22.2,9.5,7.8,10.6,10.9,9.9,10.2,10.3,13.5,11.1
60.0,240.1,60.4,14.8,16.9,80.9,64.3,70.3,84.7,276.8,77.3,1038.1,1751.4,251.1,145.8,73.8,83.0,262.0,423.7,270.8,274.0,231.6,483.7,391.9,455.5,356.6,345.7,282.1,101.7,16.2,20.5,23.0,30.4,11.3,239.0,31.1,21.9,9.5,8.5,10.2,11.3,9.2,10.2,9.8,13.2,11.0
60.0,246.1,56.8,20.1,17.3,139.8,62.5,69.6,84.0,293.1,79.4,1271.2,1670.2,188.9,210.1,74.2,132.8,448.4,409.6,235.9,270.8,203.0,497.9,351.3,452.0,391.9,370.8,348.5,91.1,20.5,14.8,24.7,27.5,26.8,234.8,30.0,21.9,9.5,7.4,10.2,10.9,9.2,9.9,9.0,13.3,10.4
58.6,234.8,62.9,20.5,17.7,97.1,62.5,69.2,83.7,289.9,74.9,1331.2,1638.4,203.0,536.7,64.3,181.8,483.7,374.3,188.9,275.1,452.0,487.3,332.6,547.3,318.5,370.8,459.0,87.2,14.1,14.5,25.4,27.2,175.5,243.3,30.7,21.5,9.2,7.4,10.9,10.9,9.2,10.2,9.2,13.5,10.3
56.8,190.0,60.4,17.7,19.8,96.0,64.6,66.4,83.7,286.0,93.6,1440.6,1719.6,262.0,646.2,416.7,207.3,437.8,625.0,184.0,247.2,529.7,501.4,315.0,370.8,409.6,444.9,504.9,84.7,16.9,14.1,24.4,24.7,195.6,241.2,29.7,21.5,10.6,7.4,10.9,10.6,9.2,9.9,9.7,13.5,10.2
56.8,191.0,58.6,17.7,19.8,175.8,62.1,64.6,79.8,222.8,80.2,1800.8,1758.4,347.8,575.6,745.0,212.2,501.4,593.2,174.1,300.8,519.1,543.8,363.7,377.8,441.4,508.5,550.8,81.2,20.1,13.8,23.0,21.9,215.0,229.2,29.3,21.9,10.2,7.8,10.6,10.2,9.2,10.2,10.2,13.3,10.5
57.2,169.1,56.8,17.7,20.8,168.1,65.0,193.9,250.0,210.1,110.9,1878.5,1751.4,497.9,462.6,699.1,210.4,702.7,688.5,303.0,294.8,494.3,395.5,367.2,381.3,476.7,593.2,406.1,75.2,17.3,14.1,23.0,24.0,228.5,266.2,31.1,19.8,9.5,8.5,10.9,10.9,9.2,9.9,10.2,13.4,10.5
56.8,204.8,48.7,21.9,18.0,388.4,156.1,642.6,557.9,220.0,92.2,1691.3,1719.6,829.8,388.4,702.7,231.6,766.2,886.3,336.2,301.9,430.8,444.9,476.7,512.0,508.5,681.5,402.5,71.7,12.4,13.8,24.0,23.7,232.3,271.2,31.4,19.4,9.5,8.1,10.6,12.4,9.2,9.9,9.9,12.8,10.9
56.1,286.0,50.8,21.5,22.6,381.3,356.6,649.7,635.6,399.0,235.9,1260.6,1790.2,805.1,360.2,685.0,295.9,847.4,847.4,347.1,251.1,434.3,512.0,632.0,554.4,600.3,600.3,402.5,70.6,10.6,13.4,26.5,25.8,225.3,346.0,31.8,19.4,9.9,7.8,11.3,14.1,9.2,9.9,9.9,12.9,10.4
54.4,288.1,51.6,21.5,27.9,413.1,434.3,667.4,642.6,603.8,331.9,1338.2,1659.6,678.0,360.2,674.4,293.1,932.2,812.1,339.0,434.3,427.3,783.9,688.5,536.7,565.0,586.1,343.2,68.1,19.8,13.1,24.4,25.1,199.1,363.7,31.1,19.1,9.2,8.5,10.9,14.5,8.8,9.9,9.7,13.0,10.8
391.9,283.9,52.3,21.9,28.2,448.4,565.0,646.2,670.9,444.9,565.0,1271.2,1490.1,554.4,395.5,716.8,589.7,971.0,776.8,388.4,448.4,561.4,745.0,639.1,406.1,399.0,568.5,437.8,66.7,46.6,13.8,24.4,24.7,245.1,406.1,30.4,16.6,9.2,7.8,10.6,14.1,8.8,9.9,9.8,14.4,22.1
420.2,258.8,51.6,21.5,28.2,487.3,504.9,430.8,695.6,352.0,508.5,1158.2,1430.1,688.5,554.4,868.6,586.1,1031.1,801.5,462.6,476.7,730.9,723.9,572.0,374.3,409.6,575.6,487.3,66.4,61.8,14.5,24.0,25.4,356.6,384.9,30.0,15.9,9.2,8.5,10.6,13.8,8.5,9.9,9.5,14.0,37.1
427.3,208.0,53.7,23.7,20.5,526.1,323.8,430.8,663.8,384.9,512.0,907.5,1419.5,678.0,748.6,882.8,536.7,1073.4,808.6,536.7,536.7,713.3,632.0,504.9,326.3,437.8,667.4,504.9,66.4,21.2,14.1,24.4,24.4,319.2,384.9,30.0,15.9,9.9,8.8,10.6,12.0,8.5,9.9,9.7,13.6,13.4
409.6,264.8,193.1,21.9,16.6,565.0,250.0,416.7,628.5,572.0,497.9,971.0,1479.5,833.3,759.2,840.4,497.9,1059.3,836.8,589.7,572.0,695.6,621.5,550.8,399.0,617.9,755.6,508.5,63.6,21.9,14.5,25.1,23.3,441.4,367.2,38.5,15.9,9.9,8.5,10.2,11.3,8.5,9.5,9.9,13.1,12.1
388.4,356.6,441.4,20.1,20.1,504.9,242.9,388.4,607.3,437.8,519.1,946.3,1850.2,964.0,766.2,762.7,444.9,1034.6,882.8,586.1,610.9,741.5,692.1,660.3,794.5,628.5,734.4,420.2,63.2,12.7,14.1,26.5,22.2,550.8,336.5,272.2,15.2,9.5,8.1,9.9,11.7,8.5,9.5,9.7,13.2,12.1
294.1,420.2,455.5,19.4,20.1,490.8,300.8,388.4,575.6,199.9,381.3,939.2,1899.7,981.6,706.2,822.7,497.9,1126.4,847.4,561.4,695.6,865.1,794.5,854.5,960.4,685.0,575.6,441.4,63.2,15.5,13.8,26.1,20.8,540.2,430.8,363.7,14.8,9.5,8.1,9.5,10.6,8.5,9.5,9.9,13.1,11.8
356.6,557.9,490.8,20.8,19.4,519.1,271.9,356.6,572.0,341.1,367.2,1080.5,1779.6,914.5,603.8,653.2,723.9,1154.6,829.8,614.4,649.7,858.0,861.6,886.3,939.2,699.1,625.0,381.3,63.6,29.7,13.1,27.5,309.3,476.7,529.7,388.4,14.1,9.5,8.1,9.9,9.5,8.1,9.5,10.2,13.2,11.7
351.0,441.4,501.4,26.1,181.8,568.5,266.9,402.5,430.8,388.4,554.4,1069.9,1871.4,861.6,596.7,494.3,971.0,1105.2,808.6,702.7,639.1,964.0,1027.5,787.4,882.8,610.9,759.2,663.8,66.7,37.8,12.7,28.6,656.8,529.7,536.7,466.1,10.9,9.2,8.1,9.9,8.8,7.8,9.2,11.3,13.5,11.3
342.9,399.0,522.6,26.5,628.5,603.8,336.9,543.8,413.1,384.9,554.4,1020.5,2079.8,893.3,964.0,896.9,1073.4,1101.7,808.6,723.9,836.8,1020.5,1009.9,833.3,790.9,600.3,939.2,610.9,68.1,43.1,13.4,215.7,663.8,529.7,572.0,554.4,11.3,9.2,9.5,9.2,8.8,7.4,9.2,10.6,15.0,11.2
377.8,490.8,533.2,18.4,734.4,614.4,381.3,561.4,462.6,444.9,526.1,738.0,2019.7,1009.9,1048.7,801.5,1087.5,1062.8,886.3,953.4,928.7,1041.6,981.6,829.8,780.4,667.4,907.5,674.4,62.9,52.6,32.5,409.6,582.6,540.2,667.4,579.1,10.9,9.2,9.5,9.5,10.2,7.4,9.2,10.4,13.0,12.3
416.7,610.9,625.0,18.4,720.3,582.6,360.2,603.8,663.8,512.0,480.2,646.2,2048.0,1370.0,981.6,843.9,896.9,1027.5,999.3,1108.7,967.5,1045.2,868.6,833.3,836.8,889.8,889.8,911.0,64.3,39.2,214.7,441.4,579.1,653.2,667.4,610.9,10.9,8.8,8.8,9.2,10.2,7.1,9.2,10.5,12.4,18.1
448.4,723.9,685.0,138.1,836.8,508.5,462.6,632.0,759.2,515.5,399.0,642.6,2298.7,1511.3,935.7,745.0,790.9,1002.8,1069.9,1091.1,1009.9,1108.7,1006.3,911.0,1105.2,928.7,921.6,1048.7,64.6,33.5,299.1,441.4,635.6,709.7,762.7,723.9,10.9,8.8,9.2,8.8,10.2,7.1,8.8,9.8,13.8,11.8
434.3,942.8,663.8,280.0,854.5,522.6,466.1,646.2,642.6,501.4,420.2,1080.5,2358.7,1518.3,967.5,752.1,829.8,995.7,1101.7,1059.3,1161.7,1052.2,1009.9,1009.9,1140.5,914.5,1105.2,1031.1,65.0,33.5,353.1,480.2,663.8,617.9,836.8,730.9,35.7,8.8,9.5,8.5,9.9,7.1,8.8,10.4,15.3,27.2
469.6,921.6,649.7,329.8,819.2,519.1,497.9,656.8,589.7,487.3,459.0,1228.8,2221.0,1758.4,985.1,794.5,900.4,1009.9,1119.3,1009.9,1211.1,1020.5,1101.7,981.6,1084.0,1031.1,1193.5,1048.7,65.3,185.0,363.7,480.2,699.1,579.1,858.0,787.4,167.0,9.2,10.2,8.8,8.5,7.1,9.2,10.1,13.2,451.7
575.6,706.2,709.7,388.4,900.4,494.3,504.9,621.5,497.9,494.3,519.1,1250.0,1938.5,1779.6,999.3,730.9,914.5,889.8,974.6,1080.5,1151.1,964.0,1140.5,918.1,1119.3,1041.6,1214.7,1175.8,67.1,416.7,441.4,519.1,685.0,727.4,896.9,918.1,377.8,9.2,9.5,8.5,8.8,7.1,9.2,9.9,13.1,621.8
557.9,543.8,738.0,416.7,872.2,494.3,504.9,487.3,494.3,614.4,504.9,1218.2,1980.9,1829.1,1098.1,833.3,918.1,928.7,882.8,1151.1,1299.4,949.8,1098.1,886.3,1189.9,1024.0,1218.2,1147.6,65.7,540.2,554.4,617.9,720.3,723.9,914.5,953.4,487.3,8.1,9.2,8.1,8.1,7.4,9.2,490.8,12.9,702.4
699.1,660.3,787.4,494.3,819.2,540.2,459.0,635.6,508.5,727.4,540.2,1069.9,2228.1,1871.4,1239.4,868.6,882.8,836.8,911.0,1080.5,1391.2,992.2,1225.3,879.2,988.7,960.4,1175.8,1165.2,65.7,593.2,561.4,663.8,723.9,709.7,939.2,886.3,702.7,7.8,10.6,7.1,7.4,8.1,9.2,778.3,13.3,688.9
889.8,773.3,798.0,508.5,829.8,526.1,469.6,695.6,430.8,727.4,572.0,1038.1,2139.8,2139.8,1228.8,956.9,798.0,709.7,1009.9,1041.6,1348.8,1073.4,1271.2,833.3,851.0,1034.6,1225.3,1175.8,68.1,685.0,646.2,635.6,794.5,695.6,999.3,819.2,861.6,8.5,9.9,7.1,7.1,8.1,9.2,856.2,14.0,675.4
593.2,978.1,734.4,519.1,882.8,501.4,483.7,670.9,508.5,762.7,526.1,1031.1,2228.1,2100.9,1239.4,946.3,699.1,685.0,1179.4,988.7,1348.8,1059.3,1239.4,836.8,812.1,1055.8,1197.0,1172.3,87.9,653.2,836.8,660.3,865.1,681.5,1084.0,854.5,889.8,8.1,9.2,6.7,6.4,8.1,9.5,908.3,13.3,628.3
727.4,1098.1,695.6,529.7,826.3,501.4,540.2,720.3,519.1,713.3,494.3,1320.6,2450.5,2079.8,1048.7,971.0,688.5,812.1,1108.7,911.0,1331.2,1045.2,1189.9,896.9,826.3,1084.0,1137.0,1009.9,109.8,628.5,861.6,755.6,903.9,667.4,1129.9,893.3,896.9,8.5,8.1,6.4,6.7,8.1,9.2,965.7,13.0,619.0
978.1,981.6,494.3,543.8,865.1,519.1,586.1,709.7,508.5,699.1,512.0,1391.2,2048.0,2030.3,974.6,1009.9,762.7,861.6,1048.7,907.5,1271.2,1084.0,1253.5,995.7,882.8,1151.1,918.1,812.1,281.4,667.4,875.7,882.8,868.6,787.4,1144.0,886.3,928.7,8.8,8.1,6.7,6.7,7.4,9.2,949.2,13.0,585.2
868.6,868.6,600.3,550.8,766.2,529.7,550.8,685.0,561.4,709.7,621.5,1419.5,1620.7,1790.2,988.7,889.8,868.6,886.3,1069.9,928.7,1271.2,1052.2,1302.9,1045.2,921.6,992.2,829.8,780.4,437.8,632.0,914.5,865.1,879.2,886.3,1108.7,992.2,939.2,8.5,8.1,6.4,9.5,6.7,9.2,896.6,12.7,587.5
646.2,745.0,663.8,430.8,755.6,522.6,529.7,706.2,540.2,681.5,653.2,1408.9,1299.4,1800.8,1091.1,893.3,914.5,914.5,1119.3,974.6,1168.8,988.7,1363.0,1006.3,949.8,769.8,738.0,798.0,315.7,550.8,815.7,706.2,759.2,879.2,1147.6,1073.4,971.0,8.8,8.1,6.7,12.7,5.6,9.2,883.5,12.9,618.8
600.3,727.4,798.0,335.8,776.8,522.6,487.3,699.1,550.8,617.9,667.4,1288.8,1398.3,1818.5,1278.2,935.7,918.1,847.4,1129.9,960.4,1151.1,1013.4,1292.3,942.8,1002.8,780.4,745.0,836.8,363.7,533.2,699.1,646.2,826.3,858.0,1052.2,914.5,1080.5,8.5,8.8,6.4,12.4,6.7,9.2,910.9,12.6,662.8
706.2,865.1,745.0,321.0,699.1,543.8,536.7,730.9,526.1,663.8,685.0,1158.2,1370.0,1790.2,1348.8,1009.9,875.7,752.1,1048.7,1031.1,1151.1,978.1,1165.2,819.2,985.1,748.6,783.9,879.2,462.6,512.0,836.8,600.3,798.0,861.6,911.0,872.2,1161.7,8.5,8.1,6.7,11.7,5.6,8.8,969.6,12.4,674.6
681.5,981.6,600.3,329.1,635.6,610.9,667.4,759.2,437.8,646.2,660.3,872.2,1680.8,1829.1,1020.5,903.9,808.6,787.4,1189.9,1129.9,1189.9,992.2,978.1,688.5,896.9,759.2,854.5,921.6,589.7,327.0,794.5,628.5,935.7,872.2,953.4,939.2,1147.6,8.1,7.8,7.1,10.6,6.0,8.8,978.1,12.3,687.3
893.3,928.7,561.4,306.8,628.5,607.3,607.3,720.3,448.4,635.6,706.2,759.2,1889.1,1769.0,893.3,773.3,752.1,861.6,1260.6,1048.7,1009.9,911.0,903.9,593.2,840.4,688.5,851.0,798.0,391.9,191.7,734.4,670.9,967.5,829.8,978.1,999.3,1059.3,8.1,7.8,7.1,9.9,10.6,8.8,1000.2,12.6,695.3
1098.1,978.1,561.4,300.8,642.6,681.5,678.0,628.5,483.7,621.5,695.6,773.3,1698.4,1649.0,889.8,851.0,812.1,971.0,1108.7,1009.9,939.2,918.1,1027.5,709.7,762.7,681.5,903.9,709.7,356.6,202.7,734.4,678.0,932.2,780.4,967.5,1027.5,1024.0,7.8,7.1,7.1,9.5,274.4,8.8,973.2,13.5,676.3
727.4,928.7,540.2,266.9,653.2,851.0,667.4,660.3,575.6,674.4,621.5,738.0,1511.3,1380.6,896.9,808.6,699.1,985.1,1020.5,755.6,960.4,918.1,942.8,734.4,639.1,783.9,812.1,773.3,352.7,210.8,769.8,678.0,879.2,805.1,911.0,1024.0,1077.0,8.1,7.4,7.1,9.2,459.0,8.5,899.3,12.5,666.2
621.5,822.7,522.6,276.8,621.5,854.5,667.4,649.7,607.3,653.2,646.2,685.0,1440.6,1440.6,854.5,688.5,692.1,981.6,1080.5,702.7,861.6,946.3,851.0,681.5,543.8,822.7,815.7,773.3,319.9,230.6,734.4,596.7,822.7,812.1,907.5,942.8,946.3,7.8,8.1,7.1,7.1,547.3,8.5,859.7,12.5,666.7
632.0,713.3,501.4,275.1,632.0,674.4,790.9,639.1,586.1,529.7,582.6,656.8,1578.4,1250.0,794.5,833.3,625.0,1091.1,1080.5,745.0,798.0,886.3,776.8,610.9,540.2,702.7,861.6,769.8,305.1,340.7,635.6,497.9,833.3,819.2,918.1,868.6,738.0,7.4,8.1,6.7,3.2,547.3,189.3,803.3,12.0,698.0
600.3,762.7,452.0,248.9,642.6,607.3,815.7,692.1,550.8,452.0,547.3,568.5,1631.3,1158.2,748.6,840.4,632.0,1175.8,1069.9,808.6,755.6,911.0,794.5,649.7,713.3,649.7,808.6,709.7,363.7,285.0,515.5,480.2,759.2,815.7,893.3,836.8,656.8,7.1,8.8,6.4,3.9,628.5,416.7,826.1,12.1,747.8
596.7,812.1,437.8,311.8,582.6,561.4,656.8,699.1,522.6,441.4,462.6,579.1,1818.5,1271.2,702.7,688.5,713.3,1172.3,974.6,780.4,808.6,851.0,808.6,667.4,773.3,596.7,745.0,593.2,351.7,238.0,522.6,452.0,695.6,819.2,868.6,879.2,656.8,7.1,7.8,6.7,3.2,734.4,575.6,794.1,12.2,742.9
582.6,896.9,370.8,199.1,529.7,522.6,621.5,702.7,678.0,395.5,462.6,582.6,1850.2,1239.4,607.3,526.1,692.1,1034.6,918.1,748.6,766.2,776.8,776.8,628.5,783.9,561.4,685.0,660.3,381.3,293.8,490.8,367.2,628.5,780.4,865.1,903.9,681.5,7.4,7.4,6.7,3.5,805.1,685.0,793.6,12.0,744.1
522.6,836.8,307.9,187.8,547.3,621.5,628.5,582.6,921.6,487.3,515.5,646.2,1850.2,1059.3,547.3,363.7,610.9,815.7,939.2,678.0,695.6,1016.9,868.6,688.5,766.2,444.9,674.4,656.8,331.6,444.9,388.4,299.1,614.4,699.1,865.1,953.4,805.1,7.8,7.1,6.4,2.8,858.0,667.4,720.2,11.9,734.9
635.6,798.0,269.1,193.1,512.0,589.7,579.1,589.7,607.3,550.8,529.7,582.6,1740.8,1189.9,568.5,430.8,529.7,776.8,971.0,730.9,734.4,1006.3,868.6,610.9,755.6,367.2,790.9,628.5,331.2,353.1,337.9,360.2,692.1,829.8,833.3,956.9,794.5,420.2,6.7,6.7,2.8,833.3,628.5,586.5,12.0,746.4
617.9,738.0,244.0,200.9,413.1,547.3,501.4,519.1,430.8,593.2,487.3,533.2,1719.6,1200.5,600.3,504.9,536.7,759.2,1009.9,762.7,752.1,706.2,745.0,663.8,805.1,360.2,755.6,667.4,293.4,146.9,360.2,360.2,766.2,872.2,798.0,1009.9,759.2,596.7,6.4,7.1,3.5,762.7,681.5,583.5,11.6,757.8
476.7,649.7,236.9,250.0,423.7,402.5,480.2,515.5,476.7,589.7,480.2,504.9,1751.4,1228.8,617.9,494.3,526.1,702.7,985.1,798.0,653.2,589.7,720.3,836.8,819.2,367.2,967.5,727.4,283.9,113.3,406.1,497.9,755.6,762.7,734.4,918.1,734.4,688.5,6.4,7.4,3.2,681.5,738.0,497.6,11.5,763.5
501.4,646.2,282.1,300.1,420.2,434.3,473.2,540.2,333.0,582.6,473.2,614.4,1779.6,1228.8,663.8,466.1,466.1,642.6,1031.1,695.6,639.1,565.0,790.9,720.3,812.1,561.4,879.2,773.3,186.1,147.2,395.5,540.2,738.0,748.6,713.3,801.5,805.1,766.2,6.4,6.4,2.8,561.4,738.0,474.5,11.7,751.2
473.2,649.7,363.7,305.8,480.2,741.5,536.7,635.6,247.9,593.2,473.2,642.6,1691.3,1288.8,688.5,423.7,519.1,639.1,960.4,748.6,635.6,480.2,801.5,773.3,801.5,614.4,783.9,790.9,181.5,210.8,494.3,501.4,600.3,727.4,815.7,801.5,642.6,808.6,6.4,6.4,3.2,565.0,766.2,478.9,11.9,719.0
586.1,851.0,329.1,240.8,444.9,826.3,554.4,639.1,222.1,607.3,501.4,685.0,1850.2,1331.2,755.6,561.4,550.8,603.8,879.2,709.7,660.3,702.7,783.9,854.5,738.0,617.9,840.4,713.3,181.5,483.7,480.2,395.5,561.4,642.6,819.2,868.6,663.8,798.0,6.0,6.4,4.6,540.2,776.8,529.3,11.6,699.7
660.3,861.6,327.0,196.0,444.9,942.8,589.7,642.6,218.9,660.3,508.5,695.6,1758.4,1310.0,748.6,653.2,586.1,572.0,801.5,596.7,783.9,663.8,720.3,868.6,716.8,656.8,766.2,663.8,182.9,459.0,452.0,395.5,656.8,635.6,769.8,882.8,663.8,745.0,6.0,6.0,3.9,557.9,787.4,507.4,11.4,703.4
681.5,875.7,381.3,210.1,466.1,949.8,607.3,646.2,210.1,685.0,494.3,713.3,1659.6,1380.6,787.4,699.1,568.5,579.1,868.6,621.5,755.6,653.2,695.6,769.8,656.8,713.3,826.3,667.4,169.8,277.9,427.3,360.2,582.6,646.2,769.8,893.3,610.9,759.2,5.6,6.0,4.6,554.4,798.0,466.4,11.1,707.1
646.2,858.0,367.2,228.1,469.6,861.6,596.7,646.2,212.9,667.4,529.7,727.4,1348.8,1430.1,875.7,600.3,519.1,628.5,1031.1,639.1,812.1,734.4,656.8,674.4,617.9,748.6,752.1,617.9,150.8,217.9,452.0,409.6,501.4,681.5,787.4,872.2,607.3,660.3,6.0,5.6,4.9,508.5,723.9,481.4,11.3,653.0
554.4,1059.3,406.1,199.1,409.6,794.5,575.6,635.6,316.0,540.2,536.7,854.5,1408.9,1468.9,745.0,582.6,473.2,639.1,1101.7,688.5,875.7,681.5,596.7,685.0,614.4,625.0,762.7,625.0,162.8,184.7,554.4,508.5,501.4,819.2,762.7,766.2,610.9,480.2,5.6,5.6,4.9,469.6,681.5,461.8,11.3,650.1
473.2,1119.3,413.1,135.9,409.6,713.3,642.6,639.1,646.2,508.5,547.3,1560.7,1550.1,1299.4,709.7,589.7,441.4,663.8,1129.9,713.3,865.1,699.1,625.0,699.1,681.5,649.7,614.4,617.9,148.7,159.2,625.0,476.7,504.9,882.8,706.2,663.8,610.9,469.6,6.4,4.9,4.9,444.9,674.4,469.2,11.7,624.1
614.4,1009.9,399.0,133.8,409.6,607.3,699.1,670.9,720.3,476.7,579.1,1038.1,1740.8,1288.8,646.2,617.9,494.3,667.4,1151.1,720.3,822.7,787.4,653.2,734.4,692.1,709.7,685.0,709.7,133.8,146.9,653.2,448.4,561.4,805.1,709.7,575.6,681.5,483.7,5.6,4.6,5.3,483.7,632.0,504.4,11.7,592.0
632.0,886.3,363.7,99.9,229.9,575.6,663.8,660.3,667.4,483.7,646.2,1331.2,1860.8,1278.2,625.0,709.7,501.4,805.1,1151.1,702.7,773.3,967.5,699.1,670.9,678.0,692.1,794.5,720.3,141.6,139.5,625.0,554.4,663.8,723.9,769.8,614.4,716.8,448.4,5.3,4.2,6.0,487.3,699.1,508.0,12.0,549.3
773.3,755.6,335.8,88.6,264.8,607.3,642.6,670.9,614.4,646.2,681.5,1288.8,1631.3,1189.9,762.7,935.7,515.5,967.5,1101.7,667.4,928.7,783.9,642.6,625.0,628.5,681.5,826.3,646.2,144.8,136.6,692.1,540.2,625.0,681.5,801.5,621.5,769.8,437.8,6.0,3.5,6.0,469.6,755.6,504.8,11.8,545.6
745.0,635.6,455.5,85.5,264.8,603.8,617.9,688.5,519.1,649.7,593.2,1048.7,1800.8,1380.6,780.4,893.3,508.5,907.5,1041.6,607.3,911.0,815.7,681.5,596.7,540.2,734.4,755.6,709.7,122.9,133.5,670.9,459.0,586.1,776.8,826.3,536.7,755.6,437.8,5.6,3.2,5.6,444.9,692.1,539.1,12.2,546.0
681.5,635.6,349.9,88.6,315.0,600.3,600.3,713.3,522.6,656.8,642.6,1119.3,2009.1,1528.9,745.0,639.1,473.2,843.9,1069.9,660.3,935.7,787.4,685.0,565.0,543.8,709.7,836.8,762.7,141.6,83.0,642.6,434.3,614.4,794.5,882.8,557.9,681.5,384.9,5.3,2.8,6.0,469.6,635.6,564.9,12.0,557.4
632.0,833.3,319.9,94.6,352.0,543.8,720.3,745.0,547.3,621.5,642.6,1218.2,2058.6,1518.3,660.3,642.6,480.2,766.2,1069.9,706.2,907.5,755.6,628.5,561.4,572.0,699.1,921.6,769.8,151.1,41.3,621.5,384.9,593.2,762.7,907.5,519.1,603.8,370.8,6.0,2.8,6.4,459.0,589.7,667.3,11.3,571.1
734.4,833.3,347.1,108.0,388.4,529.7,741.5,773.3,529.7,653.2,614.4,1299.4,2379.9,1560.7,678.0,614.4,469.6,723.9,1048.7,734.4,893.3,787.4,596.7,593.2,685.0,723.9,900.4,759.2,96.0,38.8,533.2,402.5,550.8,716.8,741.5,497.9,565.0,381.3,6.4,2.8,5.6,437.8,579.1,704.6,11.6,618.9
787.4,840.4,434.3,103.1,388.4,529.7,688.5,575.6,526.1,639.1,557.9,1278.2,2478.8,1599.5,572.0,628.5,504.9,713.3,1069.9,769.8,847.4,766.2,656.8,642.6,713.3,653.2,801.5,790.9,70.3,30.0,512.0,409.6,536.7,755.6,692.1,547.3,579.1,347.5,5.6,2.5,4.6,395.5,519.1,836.2,11.7,567.0
790.9,960.4,459.0,89.3,413.1,554.4,540.2,441.4,547.3,614.4,660.3,1451.2,2620.0,1500.7,529.7,526.1,522.6,670.9,1069.9,783.9,798.0,660.3,762.7,695.6,752.1,632.0,709.7,752.1,61.4,20.8,519.1,416.7,462.6,674.4,738.0,533.2,565.0,351.0,6.4,2.5,4.9,391.9,519.1,803.5,11.1,533.6
829.8,1020.5,427.3,72.7,420.2,547.3,526.1,430.8,593.2,723.9,769.8,1380.6,2838.9,1398.3,561.4,444.9,579.1,738.0,1009.9,755.6,713.3,681.5,752.1,819.2,741.5,515.5,738.0,960.4,54.0,15.2,536.7,522.6,448.4,617.9,762.7,501.4,614.4,363.7,6.0,2.5,5.3,388.4,515.5,745.9,11.2,532.1
776.8,985.1,416.7,91.5,395.5,589.7,487.3,462.6,681.5,720.3,646.2,1359.4,2648.3,1440.6,557.9,384.9,579.1,681.5,907.5,727.4,822.7,776.8,678.0,752.1,653.2,462.6,706.2,1073.4,44.8,15.5,667.4,487.3,504.9,593.2,787.4,476.7,695.6,395.5,5.6,2.5,5.6,388.4,529.7,666.3,11.1,546.6
780.4,960.4,363.7,139.1,325.9,653.2,483.7,504.9,667.4,741.5,607.3,1119.3,2468.2,1479.5,586.1,448.4,540.2,699.1,893.3,575.6,886.3,776.8,617.9,727.4,593.2,430.8,688.5,1062.8,39.5,14.1,663.8,455.5,625.0,667.4,730.9,490.8,632.0,416.7,6.4,2.5,6.0,391.9,536.7,554.6,10.5,564.9
635.6,900.4,356.6,155.0,353.1,713.3,473.2,561.4,614.4,667.4,547.3,988.7,2461.1,1451.2,632.0,406.1,536.7,642.6,918.1,621.5,1101.7,762.7,533.2,748.6,607.3,384.9,617.9,946.3,38.1,12.0,625.0,399.0,589.7,625.0,681.5,565.0,565.0,391.9,5.6,2.1,6.0,427.3,557.9,469.1,10.4,552.1
670.9,1069.9,367.2,174.1,352.0,706.2,628.5,575.6,374.3,617.9,522.6,956.9,2281.0,1610.1,653.2,423.7,533.2,621.5,999.3,642.6,1161.7,787.4,628.5,766.2,706.2,593.2,572.0,868.6,32.8,11.7,603.8,377.8,653.2,632.0,639.1,554.4,547.3,413.1,6.0,2.5,6.0,441.4,554.4,439.3,9.9,560.5
603.8,1151.1,360.2,192.1,335.8,533.2,695.6,568.5,420.2,561.4,582.6,942.8,1959.7,1709.0,632.0,554.4,437.8,568.5,1080.5,738.0,1140.5,727.4,572.0,678.0,780.4,596.7,586.1,882.8,30.4,11.3,554.4,330.1,565.0,639.1,646.2,515.5,497.9,388.4,6.0,2.5,6.0,473.2,540.2,473.7,9.8,556.4
529.7,1119.3,310.0,78.0,333.0,529.7,678.0,642.6,667.4,550.8,579.1,1009.9,1991.5,1698.4,656.8,935.7,427.3,685.0,1069.9,702.7,1101.7,769.8,543.8,596.7,798.0,568.5,716.8,882.8,29.7,10.9,490.8,248.6,452.0,628.5,685.0,515.5,487.3,384.9,5.6,1.8,6.4,487.3,522.6,604.3,9.8,556.8
614.4,1189.9,299.1,50.5,325.9,748.6,388.4,692.1,554.4,695.6,565.0,1129.9,1829.1,1578.4,713.3,745.0,480.2,808.6,1059.3,702.7,1069.9,787.4,632.0,533.2,727.4,582.6,646.2,836.8,29.0,10.6,473.2,250.3,406.1,720.3,681.5,515.5,437.8,381.3,6.0,1.8,6.0,494.3,526.1,556.3,9.6,610.3
547.3,1189.9,285.0,34.3,341.8,886.3,441.4,557.9,621.5,699.1,706.2,1048.7,1811.4,1359.4,670.9,674.4,522.6,819.2,1091.1,716.8,1048.7,769.8,603.8,522.6,632.0,685.0,554.4,766.2,27.2,9.5,519.1,224.2,437.8,783.9,720.3,586.1,374.3,377.8,5.3,1.8,6.7,508.5,508.5,518.5,9.4,644.5
494.3,1020.5,252.8,16.2,462.6,646.2,423.7,547.3,628.5,695.6,706.2,1020.5,1811.4,1310.0,667.4,660.3,529.7,868.6,1101.7,699.1,1119.3,861.6,568.5,526.1,589.7,614.4,515.5,826.3,25.4,10.6,550.8,291.0,391.9,692.1,748.6,600.3,338.3,341.8,4.2,2.1,6.4,519.1,469.6,554.7,10.0,690.6
420.2,851.0,250.0,15.9,473.2,589.7,444.9,515.5,607.3,649.7,663.8,939.2,1860.8,1370.0,632.0,692.1,522.6,995.7,1101.7,660.3,1031.1,882.8,653.2,625.0,579.1,512.0,494.3,755.6,23.7,10.9,582.6,334.4,413.1,706.2,808.6,582.6,301.9,152.9,4.9,1.4,6.4,497.9,504.9,527.7,9.7,744.8
480.2,907.5,329.1,15.5,501.4,586.1,444.9,512.0,610.9,621.5,653.2,893.3,2270.4,1278.2,614.4,625.0,462.6,1133.5,1069.9,663.8,942.8,843.9,886.3,632.0,476.7,557.9,501.4,801.5,20.5,10.9,536.7,310.0,388.4,745.0,734.4,568.5,274.7,81.6,3.9,1.8,5.6,508.5,522.6,497.1,9.7,770.8
487.3,833.3,329.1,15.5,455.5,561.4,575.6,533.2,635.6,639.1,575.6,932.2,2620.0,1299.4,593.2,607.3,515.5,1059.3,1091.1,695.6,925.1,776.8,928.7,692.1,504.9,579.1,600.3,872.2,16.9,10.2,568.5,312.5,504.9,847.4,706.2,607.3,301.9,47.0,4.2,2.1,6.0,512.0,575.6,449.1,10.2,736.0
656.8,847.4,288.1,15.5,416.7,582.6,755.6,533.2,575.6,603.8,593.2,1129.9,2849.5,1278.2,589.7,596.7,522.6,1016.9,1048.7,649.7,967.5,790.9,826.3,727.4,487.3,519.1,512.0,875.7,17.3,10.6,557.9,250.3,519.1,716.8,805.1,589.7,381.3,33.2,3.9,1.8,6.7,526.1,603.8,403.3,9.8,685.9
783.9,798.0,246.8,15.5,402.5,628.5,752.1,522.6,593.2,610.9,632.0,1239.4,2680.0,1239.4,794.5,561.4,561.4,1013.4,1041.6,579.1,999.3,706.2,709.7,702.7,473.2,512.0,589.7,932.2,18.0,10.6,554.4,286.7,406.1,653.2,826.3,519.1,406.1,70.6,3.5,1.8,9.9,550.8,646.2,334.8,10.9,653.4
734.4,720.3,230.9,15.5,420.2,709.7,674.4,512.0,730.9,646.2,720.3,1168.8,2750.6,1080.5,819.2,649.7,579.1,949.8,960.4,529.7,949.8,723.9,720.3,653.2,501.4,497.9,550.8,1002.8,19.4,9.9,512.0,288.8,294.5,745.0,805.1,589.7,476.7,51.2,3.5,2.5,9.2,504.9,635.6,272.1,10.1,668.4
561.4,720.3,216.1,15.5,452.0,695.6,685.0,628.5,688.5,642.6,674.4,1108.7,2570.6,981.6,886.3,625.0,596.7,914.5,903.9,536.7,900.4,649.7,755.6,600.3,543.8,512.0,670.9,999.3,20.1,9.9,480.2,293.8,269.1,759.2,766.2,713.3,469.6,45.9,3.2,2.1,6.4,501.4,610.9,237.7,9.9,635.1
610.9,833.3,152.9,15.2,473.2,653.2,699.1,642.6,628.5,635.6,695.6,1098.1,2870.7,967.5,964.0,554.4,586.1,755.6,921.6,600.3,949.8,593.2,639.1,550.8,522.6,557.9,907.5,964.0,20.8,14.8,441.4,322.7,344.6,776.8,773.3,794.5,427.3,42.7,2.8,2.1,6.0,476.7,582.6,326.6,9.9,593.3
625.0,808.6,169.8,15.5,476.7,589.7,787.4,649.7,610.9,646.2,663.8,1048.7,2778.9,918.1,893.3,526.1,617.9,794.5,942.8,607.3,1031.1,501.4,480.2,667.4,540.2,632.0,787.4,886.3,20.1,29.0,487.3,348.5,420.2,776.8,759.2,829.8,402.5,38.1,2.8,2.1,4.9,455.5,681.5,359.0,9.5,598.4
536.7,932.2,206.9,15.5,508.5,607.3,840.4,723.9,670.9,872.2,575.6,1038.1,2909.5,769.8,840.4,550.8,720.3,808.6,886.3,586.1,978.1,494.3,473.2,798.0,610.9,600.3,561.4,678.0,18.4,50.8,536.7,333.7,596.7,783.9,730.9,833.3,395.5,37.1,2.1,2.5,4.9,434.3,625.0,421.4,9.3,591.9
692.1,1091.1,173.0,15.5,504.9,663.8,780.4,741.5,670.9,1091.1,561.4,1091.1,3068.4,695.6,861.6,625.0,727.4,865.1,836.8,579.1,1179.4,635.6,522.6,649.7,617.9,557.9,420.2,649.7,13.4,43.4,508.5,341.4,550.8,752.1,935.7,819.2,384.9,35.0,2.8,2.5,5.6,409.6,685.0,470.6,8.8,564.4
794.5,974.6,218.9,15.9,515.5,755.6,808.6,734.4,646.2,1031.1,568.5,1129.9,2980.2,695.6,801.5,610.9,738.0,822.7,865.1,639.1,1348.8,639.1,536.7,642.6,621.5,529.7,423.7,685.0,111.2,10.2,512.0,347.8,406.1,723.9,840.4,805.1,423.7,34.6,1.8,1.8,5.6,402.5,706.2,468.7,8.8,520.0
762.7,1331.2,241.9,42.0,536.7,783.9,801.5,730.9,557.9,1020.5,639.1,1140.5,2838.9,730.9,801.5,656.8,702.7,833.3,808.6,678.0,1398.3,692.1,515.5,607.3,586.1,515.5,557.9,854.5,160.0,10.6,515.5,353.1,448.4,766.2,815.7,741.5,487.3,33.2,1.1,2.5,5.3,427.3,674.4,463.4,8.5,502.3
681.5,1250.0,282.1,26.1,547.3,734.4,805.1,667.4,565.0,918.1,635.6,1151.1,3057.8,840.4,889.8,579.1,748.6,840.4,836.8,695.6,1800.8,815.7,519.1,543.8,628.5,501.4,794.5,935.7,215.4,11.7,487.3,360.2,490.8,755.6,854.5,649.7,469.6,31.8,0.7,2.8,6.4,526.1,593.2,594.1,8.3,433.0
628.5,914.5,323.8,20.1,533.2,670.9,706.2,663.8,582.6,822.7,635.6,1140.5,3128.5,780.4,787.4,617.9,787.4,840.4,826.3,882.8,2161.0,787.4,653.2,540.2,621.5,589.7,773.3,925.1,303.0,11.3,381.3,303.3,409.6,769.8,949.8,642.6,452.0,31.4,1.1,2.1,5.6,437.8,565.0,558.0,8.5,430.0
685.0,900.4,399.0,21.5,504.9,653.2,649.7,748.6,621.5,780.4,625.0,1140.5,2930.7,808.6,656.8,639.1,745.0,833.3,847.4,893.3,1511.3,812.1,738.0,540.2,762.7,766.2,812.1,925.1,321.3,11.7,529.7,288.5,370.8,660.3,967.5,663.8,490.8,30.7,1.1,2.5,4.9,391.9,582.6,563.1,7.2,384.0
741.5,978.1,395.5,16.9,420.2,656.8,713.3,801.5,649.7,695.6,642.6,1168.8,2778.9,769.8,628.5,568.5,610.9,911.0,851.0,999.3,1440.6,752.1,695.6,617.9,893.3,748.6,942.8,999.3,300.8,11.3,610.9,333.0,346.7,617.9,1077.0,695.6,413.1,30.4,0.7,2.8,4.9,423.7,547.3,619.0,6.4,455.8
776.8,1108.7,353.1,13.8,406.1,639.1,748.6,829.8,656.8,706.2,678.0,1250.0,2849.5,790.9,670.9,550.8,593.2,1108.7,808.6,995.7,1408.9,649.7,692.1,681.5,896.9,745.0,907.5,875.7,297.7,12.4,586.1,266.2,466.1,642.6,833.3,678.0,402.5,29.0,0.0,1.8,5.3,416.7,512.0,648.8,6.1,449.4
981.6,1031.1,367.2,13.8,444.9,593.2,745.0,808.6,628.5,815.7,709.7,1250.0,2860.1,755.6,833.3,565.0,625.0,889.8,822.7,879.2,1440.6,565.0,678.0,632.0,921.6,745.0,812.1,918.1,350.3,10.9,632.0,349.2,462.6,688.5,745.0,706.2,395.5,26.8,0.4,1.8,4.9,388.4,420.2,636.4,5.7,470.6
861.6,978.1,395.5,13.8,494.3,582.6,716.8,607.3,596.7,801.5,730.9,1228.8,2701.2,716.8,889.8,766.2,607.3,875.7,794.5,794.5,1430.1,617.9,646.2,575.6,836.8,847.4,702.7,1098.1,374.3,9.9,956.9,384.9,536.7,861.6,660.3,766.2,360.2,26.8,0.0,2.8,5.3,323.8,406.1,601.7,5.6,543.1
741.5,928.7,469.6,13.8,533.2,554.4,720.3,773.3,596.7,745.0,776.8,1218.2,2680.0,766.2,1091.1,702.7,596.7,783.9,893.3,519.1,1338.2,773.3,702.7,568.5,875.7,819.2,868.6,1126.4,346.4,14.5,1024.0,444.9,565.0,836.8,635.6,748.6,336.5,25.8,0.0,3.5,4.9,298.4,413.1,495.3,5.7,557.4
829.8,1048.7,427.3,13.8,572.0,642.6,667.4,801.5,614.4,625.0,752.1,1288.8,2718.9,695.6,1189.9,709.7,575.6,663.8,918.1,554.4,1391.2,805.1,632.0,635.6,815.7,822.7,900.4,1172.3,323.8,8.1,1175.8,529.7,476.7,836.8,607.3,727.4,345.7,25.4,0.0,142.7,5.3,291.3,430.8,471.5,5.6,607.8
833.3,900.4,360.2,23.7,536.7,801.5,702.7,755.6,579.1,607.3,716.8,1380.6,2680.0,759.2,1211.1,727.4,540.2,522.6,964.0,635.6,1338.2,734.4,621.5,678.0,713.3,1052.2,1031.1,1112.3,469.6,59.3,868.6,526.1,430.8,787.4,533.2,702.7,395.5,24.0,0.0,156.8,5.3,286.4,483.7,464.2,5.7,657.8
900.4,900.4,374.3,202.0,487.3,798.0,745.0,614.4,582.6,607.3,702.7,1649.0,2768.3,981.6,1200.5,635.6,515.5,529.7,1031.1,589.7,1200.5,752.1,625.0,815.7,872.2,1147.6,1059.3,974.6,466.1,117.2,843.9,512.0,416.7,734.4,536.7,674.4,420.2,23.0,0.0,40.6,10.6,319.6,504.9,459.4,6.0,594.5
907.5,903.9,402.5,287.1,347.8,808.6,875.7,586.1,522.6,593.2,688.5,1871.4,2909.5,1038.1,1129.9,656.8,526.1,727.4,1020.5,529.7,1069.9,752.1,738.0,918.1,971.0,1066.4,946.3,932.2,430.8,333.0,790.9,476.7,557.9,706.2,536.7,670.9,466.1,21.9,0.0,117.6,98.9,321.0,603.8,397.0,5.9,534.2
858.0,1038.1,455.5,347.8,462.6,971.0,879.2,568.5,469.6,607.3,734.4,1239.4,2838.9,1059.3,967.5,706.2,610.9,964.0,1020.5,670.9,2129.2,776.8,1119.3,896.9,964.0,978.1,815.7,988.7,455.5,381.3,681.5,519.1,501.4,776.8,469.6,656.8,621.5,21.9,0.0,341.4,416.7,384.9,635.6,399.3,5.5,546.1
861.6,1038.1,420.2,300.8,526.1,1119.3,801.5,557.9,582.6,685.0,794.5,1140.5,2718.9,1009.9,985.1,847.4,769.8,918.1,949.8,1020.5,2528.2,872.2,1239.4,907.5,879.2,949.8,964.0,1024.0,444.9,391.9,533.2,522.6,607.3,865.1,519.1,660.3,617.9,57.9,0.0,347.5,621.5,434.3,568.5,442.8,5.9,507.8
745.0,1020.5,356.6,315.0,600.3,1020.5,685.0,667.4,607.3,695.6,787.4,1080.5,2849.5,939.2,1059.3,1020.5,805.1,858.0,928.7,939.2,1899.7,971.0,1225.3,932.2,868.6,1094.6,1281.8,1098.1,441.4,459.0,483.7,557.9,748.6,812.1,547.3,727.4,568.5,59.0,0.0,395.5,607.3,483.7,508.5,615.7,295.8,559.8
748.6,1009.9,402.5,399.0,1200.5,995.7,808.6,685.0,593.2,699.1,762.7,1080.5,2969.6,974.6,1151.1,1048.7,812.1,801.5,956.9,1048.7,1949.1,964.0,1154.6,942.8,953.4,1204.1,1306.5,1726.7,501.4,614.4,480.2,639.1,833.3,801.5,625.0,723.9,550.8,56.8,0.0,444.9,706.2,501.4,561.4,679.6,609.5,584.3
886.3,1020.5,441.4,430.8,600.3,879.2,720.3,709.7,582.6,748.6,706.2,1338.2,2810.7,1140.5,1140.5,1059.3,836.8,854.5,1041.6,1161.7,1751.4,1009.9,1673.7,1066.4,1080.5,1242.9,1246.4,1352.4,557.9,928.7,642.6,625.0,812.1,819.2,586.1,829.8,568.5,57.9,21.5,437.8,766.2,476.7,536.7,679.1,647.2,629.5
879.2,1059.3,462.6,480.2,504.9,741.5,745.0,716.8,610.9,678.0,589.7,1168.8,2899.0,1299.4,1031.1,1200.5,847.4,787.4,1041.6,1161.7,1458.3,1031.1,1295.9,1225.3,1207.6,1048.7,1122.9,1267.6,550.8,614.4,727.4,628.5,833.3,780.4,678.0,956.9,596.7,111.6,166.0,483.7,805.1,473.2,526.1,684.2,647.4,589.4
843.9,1020.5,416.7,501.4,476.7,738.0,716.8,730.9,635.6,575.6,589.7,1278.2,3566.3,1260.6,974.6,1260.6,808.6,840.4,1020.5,1331.2,1408.9,1024.0,1292.3,1221.7,1242.9,1115.8,956.9,1299.4,568.5,483.7,723.9,639.1,829.8,766.2,780.4,946.3,628.5,224.9,183.3,610.9,745.0,533.2,557.9,677.9,617.3,633.0
847.4,1009.9,323.1,420.2,402.5,833.3,695.6,727.4,635.6,667.4,649.7,1451.2,3520.4,1211.1,903.9,1151.1,812.1,1002.8,1048.7,1440.6,1468.9,1055.8,1680.8,1207.6,1189.9,925.1,907.5,1278.2,734.4,512.0,745.0,635.6,798.0,780.4,805.1,1041.6,649.7,328.7,282.1,713.3,741.5,572.0,593.2,677.1,599.6,668.9
843.9,1031.1,360.2,395.5,367.2,903.9,625.0,709.7,635.6,628.5,759.2,1430.1,2740.1,1140.5,942.8,1271.2,942.8,1027.5,1108.7,1408.9,1528.9,1077.0,1264.1,1274.7,1133.5,826.3,1087.5,1267.6,738.0,494.3,780.4,582.6,978.1,956.9,787.4,1066.4,674.4,332.3,526.1,593.2,815.7,519.1,526.1,681.3,624.1,710.6
692.1,822.7,360.2,413.1,547.3,949.8,579.1,600.3,625.0,660.3,762.7,1419.5,1709.0,1119.3,1098.1,1271.2,953.4,960.4,1080.5,1451.2,1839.7,1115.8,1126.4,1412.4,1161.7,843.9,1186.4,1278.2,727.4,444.9,769.8,582.6,1013.4,925.1,875.7,1077.0,603.8,363.7,557.9,554.4,907.5,494.3,483.7,803.8,942.8,687.1
727.4,653.2,395.5,459.0,783.9,939.2,762.7,614.4,603.8,628.5,727.4,1631.3,1271.2,1158.2,1080.5,1260.6,882.8,907.5,1151.1,1638.4,1998.5,1055.8,946.3,1154.6,1168.8,992.2,1112.3,1242.9,678.0,423.7,851.0,642.6,1034.6,918.1,988.7,1016.9,593.2,504.9,579.1,536.7,780.4,483.7,497.9,837.2,851.0,718.8
865.1,561.4,444.9,494.3,759.2,992.2,745.0,660.3,617.9,582.6,762.7,1578.4,1260.6,1239.4,1069.9,1151.1,734.4,854.5,1119.3,1860.8,1871.4,999.3,716.8,840.4,1129.9,1098.1,1147.6,1250.0,561.4,444.9,879.2,692.1,1038.1,925.1,932.2,999.3,610.9,642.6,667.4,512.0,663.8,473.2,565.0,860.2,615.6,774.2
766.2,512.0,462.6,522.6,879.2,985.1,822.7,663.8,632.0,614.4,794.5,1560.7,1179.4,1348.8,1038.1,1048.7,674.4,868.6,1059.3,1709.0,1758.4,995.7,752.1,699.1,1207.6,1080.5,1140.5,1401.8,444.9,409.6,840.4,660.3,1006.3,851.0,964.0,1073.4,639.1,759.2,759.2,483.7,649.7,483.7,646.2,880.6,602.7,905.1
794.5,773.3,420.2,526.1,1038.1,1009.9,921.6,667.4,632.0,670.9,780.4,1829.1,1278.2,1310.0,995.7,939.2,720.3,829.8,946.3,2390.5,1500.7,953.4,907.5,734.4,1140.5,999.3,1151.1,1398.3,377.8,593.2,812.1,670.9,992.2,865.1,978.1,1084.0,639.1,716.8,723.9,519.1,713.3,494.3,748.6,995.7,596.8,904.4
875.7,805.1,395.5,515.5,1059.3,942.8,985.1,674.4,610.9,858.0,805.1,1889.1,1189.9,1278.2,985.1,971.0,812.1,808.6,1009.9,2231.6,1479.5,953.4,1126.4,745.0,1207.6,1013.4,1069.9,1355.9,582.6,617.9,918.1,649.7,893.3,978.1,1020.5,1154.6,678.0,635.6,769.8,533.2,709.7,515.5,787.4,858.3,574.5,964.3
939.2,706.2,409.6,543.8,1098.1,882.8,925.1,656.8,670.9,1038.1,829.8,1829.1,1009.9,1278.2,964.0,1108.7,918.1,766.2,1189.9,1899.7,1670.2,1034.6,1179.4,745.0,1133.5,1048.7,981.6,1380.6,603.8,557.9,1009.9,663.8,847.4,995.7,992.2,1151.1,670.9,494.3,752.1,550.8,660.3,519.1,787.4,875.9,579.6,992.7
836.8,607.3,420.2,550.8,1391.2,893.3,851.0,660.3,681.5,1119.3,836.8,1829.1,1009.9,1179.4,1228.8,1101.7,900.4,723.9,1161.7,1931.5,1931.5,1161.7,995.7,847.4,1514.8,1009.9,1027.5,1345.3,621.5,536.7,907.5,776.8,949.8,928.7,1069.9,1168.8,685.0,536.7,628.5,565.0,653.2,572.0,925.1,729.0,580.3,961.9
794.5,547.3,522.6,589.7,1468.9,833.3,769.8,670.9,706.2,1048.7,812.1,1790.2,1108.7,1189.9,1310.0,1119.3,861.6,840.4,1168.8,2009.1,1938.5,1115.8,829.8,928.7,1528.9,1698.4,1031.1,1232.3,628.5,614.4,801.5,780.4,921.6,960.4,1137.0,1077.0,607.3,526.1,575.6,575.6,790.9,614.4,889.8,630.3,570.3,974.3
801.5,557.9,688.5,625.0,1151.1,879.2,794.5,688.5,702.7,1119.3,872.2,1730.2,1140.5,1218.2,1228.8,1151.1,826.3,1006.3,1059.3,2281.0,1991.5,1034.6,854.5,911.0,1048.7,2401.1,995.7,1137.0,508.5,607.3,734.4,812.1,889.8,985.1,1034.6,1038.1,586.1,522.6,533.2,582.6,632.0,678.0,875.7,673.2,569.1,1004.4
826.3,625.0,762.7,607.3,1059.3,882.8,819.2,685.0,695.6,1158.2,794.5,1670.2,1158.2,1179.4,1189.9,988.7,790.9,1052.2,1041.6,2298.7,1730.2,960.4,861.6,978.1,1267.6,1098.1,1006.3,1161.7,356.6,621.5,713.3,759.2,829.8,1013.4,1027.5,1041.6,607.3,473.2,543.8,529.7,720.3,776.8,911.0,649.4,586.1,980.1
889.8,939.2,798.0,614.4,886.3,928.7,829.8,699.1,706.2,949.8,794.5,1910.3,1200.5,1168.8,1098.1,985.1,829.8,1080.5,992.2,1920.9,1518.3,946.3,865.1,1009.9,1144.0,995.7,1009.9,1232.3,349.2,547.3,759.2,741.5,914.5,978.1,1105.2,995.7,678.0,483.7,610.9,540.2,780.4,822.7,882.8,622.9,589.9,941.6
981.6,914.5,759.2,614.4,921.6,942.8,776.8,699.1,709.7,713.3,851.0,1871.4,1398.3,1098.1,1020.5,985.1,903.9,1151.1,981.6,1800.8,1511.3,921.6,946.3,974.6,1186.4,1084.0,974.6,1182.9,395.5,515.5,815.7,667.4,928.7,928.7,1108.7,992.2,699.1,483.7,667.4,579.1,759.2,925.1,900.4,556.6,582.2,995.5
964.0,805.1,646.2,614.4,942.8,1009.9,748.6,575.6,730.9,628.5,868.6,2199.8,1370.0,1151.1,1009.9,974.6,967.5,1144.0,967.5,1779.6,1680.8,953.4,868.6,896.9,773.3,1165.2,1144.0,914.5,448.4,529.7,805.1,635.6,836.8,1031.1,1161.7,974.6,678.0,441.4,529.7,642.6,702.7,1013.4,854.5,483.6,591.1,912.2
868.6,893.3,632.0,614.4,1080.5,939.2,790.9,617.9,780.4,575.6,861.6,2129.2,1299.4,1129.9,1179.4,967.5,932.2,1147.6,1041.6,1779.6,2129.2,995.7,1002.8,903.9,695.6,1016.9,1430.1,1387.7,434.3,649.7,801.5,681.5,826.3,1059.3,1129.9,992.2,632.0,452.0,533.2,646.2,720.3,981.6,921.6,598.5,608.1,861.8
766.2,872.2,688.5,610.9,1260.6,903.9,798.0,579.1,812.1,660.3,826.3,1991.5,1709.0,1260.6,1271.2,918.1,935.7,1052.2,1059.3,1970.3,2510.5,992.2,1158.2,911.0,635.6,949.8,1345.3,1158.2,452.0,635.6,925.1,801.5,826.3,1059.3,1080.5,1013.4,632.0,409.6,593.2,625.0,748.6,875.7,946.3,676.0,613.0,850.4
766.2,798.0,755.6,663.8,1080.5,858.0,822.7,526.1,805.1,639.1,752.1,1500.7,2701.2,1348.8,1189.9,879.2,896.9,988.7,1048.7,2499.9,2471.7,960.4,1225.3,999.3,685.0,1027.5,1278.2,1137.0,466.1,550.8,1020.5,812.1,787.4,1006.3,1002.8,1151.1,688.5,434.3,603.8,621.5,716.8,879.2,928.7,754.3,639.2,924.1
819.2,956.9,872.2,660.3,889.8,805.1,911.0,642.6,762.7,706.2,709.7,1440.6,3884.1,1338.2,1151.1,918.1,893.3,967.5,1108.7,2129.2,2129.2,1207.6,1260.6,1189.9,946.3,1077.0,1204.1,1278.2,459.0,536.7,1006.3,865.1,741.5,988.7,946.3,1179.4,706.2,406.1,582.6,589.7,752.1,939.2,942.8,810.2,666.5,881.4
893.3,999.3,685.0,734.4,858.0,851.0,1260.6,699.1,695.6,815.7,681.5,1430.1,3350.9,1631.3,1069.9,935.7,928.7,960.4,1080.5,2019.7,2478.8,1310.0,1288.8,1341.8,918.1,2139.8,1105.2,1211.1,529.7,490.8,868.6,865.1,773.3,921.6,1087.5,1327.7,699.1,459.0,561.4,681.5,872.2,942.8,822.7,831.6,655.7,841.5
826.3,985.1,600.3,667.4,896.9,1059.3,1189.9,632.0,678.0,953.4,759.2,1359.4,3170.8,1719.6,1059.3,995.7,1031.1,1048.7,1041.6,2100.9,2669.4,1451.2,1366.5,1377.1,953.4,1486.6,914.5,1204.1,639.1,713.3,861.6,858.0,812.1,1002.8,1073.4,1193.5,695.6,448.4,589.7,759.2,889.8,942.8,685.0,808.5,646.2,939.1
886.3,932.2,716.8,540.2,921.6,1168.8,1211.1,646.2,642.6,833.3,829.8,1260.6,3040.2,1271.2,1129.9,981.6,1285.3,1048.7,1140.5,1320.6,3742.9,1144.0,1373.6,1352.4,1002.8,2111.5,1009.9,1211.1,699.1,875.7,953.4,783.9,925.1,1069.9,995.7,960.4,762.7,349.2,642.6,759.2,858.0,858.0,632.0,776.8,662.0,992.5
780.4,847.4,759.2,455.5,893.3,1179.4,1080.5,755.6,755.6,808.6,798.0,1278.2,2789.5,1168.8,1218.2,1080.5,1221.7,928.7,1161.7,1250.0,3884.1,1271.2,1352.4,1525.4,1013.4,2295.2,1186.4,1214.7,639.1,840.4,925.1,738.0,1122.9,1059.3,812.1,896.9,748.6,374.3,656.8,766.2,741.5,790.9,610.9,836.4,661.7,963.2
766.2,808.6,713.3,579.1,1048.7,960.4,868.6,762.7,836.8,773.3,709.7,1790.2,2701.2,1250.0,1271.2,1129.9,1733.7,900.4,1200.5,995.7,2390.5,971.0,1285.3,1701.9,1020.5,1302.9,1140.5,1313.5,522.6,642.6,971.0,720.3,1098.1,1002.8,670.9,914.5,752.1,427.3,628.5,723.9,730.9,794.5,586.1,889.9,653.6,1029.0
798.0,720.3,607.3,483.7,1119.3,914.5,773.3,741.5,914.5,759.2,759.2,1938.5,2708.3,1338.2,1250.0,1151.1,1257.0,903.9,1221.7,953.4,2298.7,822.7,1214.7,1246.4,1260.6,1165.2,1080.5,1384.2,547.3,459.0,1041.6,688.5,1112.3,999.3,678.0,865.1,762.7,430.8,589.7,674.4,730.9,773.3,625.0,934.4,628.6,1028.1
801.5,861.6,865.1,301.9,1038.1,1031.1,861.6,766.2,833.3,723.9,836.8,1818.5,2899.0,1278.2,1179.4,1080.5,1105.2,928.7,1179.4,1069.9,2581.2,727.4,1140.5,1084.0,1327.7,1112.3,1077.0,1218.2,381.3,522.6,1059.3,692.1,1119.3,1052.2,685.0,748.6,748.6,480.2,625.0,667.4,681.5,815.7,783.9,981.1,636.7,981.2
776.8,1048.7,646.2,194.9,939.2,1119.3,903.9,769.8,812.1,720.3,851.0,1800.8,2990.8,1250.0,1239.4,1299.4,949.8,1013.4,1119.3,942.8,2549.4,861.6,1274.7,1239.4,1995.0,960.4,1069.9,1165.2,347.1,540.2,999.3,854.5,1264.1,974.6,476.7,815.7,688.5,494.3,632.0,716.8,836.8,925.1,766.2,960.8,650.4,935.2
946.3,1020.5,391.9,167.0,861.6,1119.3,865.1,720.3,833.3,716.8,914.5,1779.6,2729.5,1380.6,1108.7,1221.7,999.3,992.2,1009.9,819.2,2291.6,836.8,1380.6,1193.5,1744.3,886.3,1048.7,1182.9,441.4,561.4,1024.0,875.7,1034.6,985.1,540.2,903.9,670.9,490.8,614.4,762.7,727.4,925.1,798.0,888.6,641.2,963.8
1031.1,879.2,490.8,146.9,727.4,1119.3,709.7,667.4,893.3,734.4,1158.2,1790.2,2538.8,1271.2,1098.1,1041.6,978.1,921.6,942.8,730.9,2521.1,882.8,1359.4,1278.2,1239.4,858.0,1105.2,1253.5,480.2,540.2,1059.3,1006.3,1126.4,1077.0,603.8,1020.5,688.5,508.5,557.9,748.6,727.4,861.6,889.8,793.9,622.8,993.1
900.4,868.6,504.9,203.0,639.1,1200.5,702.7,614.4,946.3,741.5,985.1,2838.9,2581.2,1620.7,1288.8,1080.5,935.7,911.0,882.8,819.2,3139.1,1084.0,1310.0,1133.5,1105.2,805.1,1122.9,1271.2,600.3,529.7,992.2,688.5,1144.0,1242.9,854.5,1080.5,685.0,515.5,557.9,678.0,971.0,840.4,911.0,817.4,644.0,960.8
773.3,875.7,494.3,388.4,780.4,1211.1,766.2,572.0,928.7,720.3,780.4,2658.8,2761.2,1680.8,1331.2,1151.1,914.5,1009.9,879.2,1189.9,3566.3,1009.9,1175.8,1062.8,1066.4,808.6,1073.4,1257.0,635.6,490.8,1031.1,617.9,1101.7,1373.6,882.8,1006.3,639.1,625.0,572.0,603.8,896.9,886.3,953.4,806.7,691.9,989.9
667.4,794.5,430.8,270.1,759.2,815.7,776.8,646.2,826.3,727.4,741.5,2461.1,2778.9,1899.7,1310.0,1031.1,928.7,988.7,1041.6,1288.8,3170.8,960.4,1172.3,1052.2,960.4,960.4,1077.0,1278.2,565.0,430.8,1161.7,685.0,1009.9,1430.1,833.3,1045.2,579.1,497.9,575.6,617.9,1165.2,932.2,971.0,868.6,708.6,1009.5
766.2,879.2,406.1,339.0,815.7,949.8,794.5,843.9,868.6,748.6,801.5,2309.3,3050.8,1638.4,1299.4,967.5,907.5,988.7,1200.5,1278.2,2461.1,1031.1,1144.0,974.6,967.5,960.4,1027.5,1274.7,452.0,466.1,1147.6,575.6,1013.4,2853.0,925.1,1581.9,628.5,452.0,550.8,674.4,1211.1,932.2,985.1,769.0,686.9,918.5
865.1,988.7,347.1,381.3,981.6,935.7,738.0,840.4,868.6,875.7,900.4,2150.4,3089.6,1479.5,1158.2,911.0,886.3,1129.9,1468.9,1250.0,1631.3,1084.0,1108.7,1242.9,865.1,939.2,1144.0,1310.0,473.2,632.0,1133.5,561.4,1084.0,1504.2,1048.7,1341.8,702.7,480.2,540.2,713.3,875.7,911.0,988.7,748.8,680.3,875.5
932.2,1059.3,294.8,452.0,1020.5,928.7,759.2,812.1,861.6,981.6,858.0,2238.7,3188.5,1189.9,1098.1,893.3,971.0,1186.4,1359.4,1048.7,1779.6,921.6,1091.1,1207.6,805.1,1048.7,1041.6,1341.8,444.9,610.9,1041.6,617.9,1129.9,1310.0,1069.9,1016.9,660.3,377.8,508.5,674.4,720.3,921.6,985.1,802.8,650.6,867.7
780.4,964.0,353.1,430.8,1091.1,907.5,716.8,748.6,858.0,999.3,999.3,2249.2,3001.4,985.1,1108.7,988.7,1077.0,1179.4,1430.1,967.5,2418.7,1002.8,1087.5,1108.7,907.5,1077.0,1133.5,1341.8,402.5,639.1,1009.9,646.2,1168.8,1020.5,1122.9,1016.9,663.8,330.1,508.5,667.4,635.6,939.2,911.0,691.0,644.0,946.8
723.9,956.9,305.1,430.8,1151.1,911.0,801.5,688.5,833.3,946.3,1091.1,2358.7,2860.1,992.2,1218.2,1221.7,1066.4,1108.7,1518.3,939.2,3029.6,1221.7,1062.8,1232.3,988.7,981.6,1257.0,1454.8,356.6,649.7,992.2,688.5,896.9,1052.2,1168.8,1027.5,625.0,297.7,501.4,692.1,628.5,949.8,907.5,720.2,632.3,951.5
692.1,985.1,341.1,533.2,1189.9,854.5,812.1,663.8,868.6,840.4,900.4,2729.5,3259.1,953.4,1271.2,1370.0,1052.2,985.1,1391.2,1239.4,3241.5,1596.0,1204.1,1267.6,1278.2,1034.6,1264.1,1479.5,381.3,755.6,1129.9,808.6,833.3,688.5,1189.9,928.7,561.4,304.7,483.7,610.9,723.9,921.6,925.1,551.1,643.3,962.9
773.3,967.5,529.7,575.6,1140.5,688.5,794.5,674.4,851.0,872.2,819.2,2959.0,2810.7,1020.5,1228.8,1080.5,960.4,889.8,1288.8,1500.7,3319.1,1419.5,1250.0,1179.4,1299.4,1077.0,1348.8,1935.0,413.1,836.8,1204.1,875.7,808.6,639.1,1207.6,918.1,628.5,321.7,473.2,593.2,674.4,967.5,949.8,587.9,672.8,946.6
706.2,836.8,557.9,568.5,1059.3,741.5,942.8,639.1,875.7,858.0,854.5,2980.2,2909.5,1151.1,1158.2,875.7,896.9,918.1,1260.6,1680.8,2630.6,829.8,1207.6,1189.9,1779.6,1055.8,1292.3,1479.5,427.3,882.8,1154.6,805.1,812.1,667.4,1069.9,918.1,639.1,352.0,469.6,635.6,586.1,1020.5,939.2,719.4,679.0,858.1
759.2,688.5,494.3,621.5,1790.2,755.6,713.3,667.4,851.0,1059.3,911.0,2860.1,3001.4,1140.5,1080.5,925.1,822.7,1041.6,1260.6,1260.6,2319.9,882.8,1140.5,1341.8,1426.5,981.6,1317.1,1836.1,519.1,843.9,1066.4,812.1,769.8,695.6,1048.7,914.5,674.4,487.3,209.7,730.9,635.6,1024.0,783.9,742.7,663.6,850.1
840.4,727.4,522.6,741.5,1288.8,865.1,720.3,762.7,861.6,999.3,942.8,2881.3,2881.3,1059.3,1048.7,1271.2,893.3,1144.0,1200.5,1069.9,2298.7,1020.5,1161.7,1228.8,2072.7,967.5,1179.4,1931.5,469.6,865.1,1055.8,798.0,755.6,1377.1,1020.5,946.3,769.8,565.0,81.9,702.7,663.8,1006.3,720.3,732.9,654.3,901.9
776.8,808.6,589.7,755.6,1271.2,978.1,642.6,794.5,833.3,1098.1,949.8,2680.0,2701.2,1048.7,1098.1,1031.1,1013.4,1285.3,1200.5,995.7,2309.3,1016.9,1299.4,1242.9,1730.2,1024.0,1239.4,1486.6,466.1,896.9,1098.1,787.4,759.2,967.5,1345.3,981.6,741.5,497.9,33.5,716.8,752.1,946.3,812.1,683.7,645.7,959.7
748.6,776.8,582.6,907.5,1271.2,985.1,766.2,858.0,886.3,1038.1,999.3,2761.2,2118.6,1158.2,1098.1,1101.7,1062.8,1066.4,1168.8,999.3,2379.9,1137.0,1574.8,1317.1,1144.0,1009.9,1292.3,1317.1,462.6,780.4,1094.6,681.5,843.9,861.6,1250.0,974.6,713.3,480.2,78.4,709.7,801.5,928.7,674.4,780.9,673.1,949.9
780.4,702.7,801.5,1080.5,1080.5,896.9,925.1,886.3,960.4,1009.9,978.1,2358.7,2161.0,995.7,1200.5,1571.3,981.6,985.1,1200.5,1059.3,2538.8,1013.4,1348.8,1398.3,995.7,999.3,1345.3,1214.7,430.8,646.2,1016.9,649.7,780.4,776.8,1165.2,1119.3,649.7,494.3,67.8,709.7,674.4,893.3,921.6,785.0,786.8,1002.1
748.6,459.0,843.9,1009.9,826.3,738.0,960.4,872.2,1009.9,1091.1,861.6,2199.8,2139.8,1031.1,1189.9,1108.7,956.9,946.3,1200.5,1140.5,2838.9,907.5,1193.5,1772.6,967.5,1197.0,1211.1,1108.7,395.5,713.3,992.2,646.2,843.9,720.3,1101.7,1564.2,628.5,490.8,45.5,723.9,603.8,833.3,1137.0,826.7,776.1,1021.2
745.0,554.4,819.2,713.3,702.7,953.4,921.6,798.0,992.2,1020.5,702.7,2139.8,1910.3,1151.1,1189.9,1020.5,843.9,1031.1,1221.7,1200.5,2800.1,851.0,1299.4,1377.1,942.8,1126.4,1073.4,1062.8,395.5,670.9,985.1,713.3,836.8,699.1,1151.1,1299.4,628.5,572.0,23.7,685.0,625.0,893.3,843.9,885.6,682.2,1026.3
960.4,600.3,550.8,462.6,734.4,999.3,1048.7,780.4,981.6,985.1,766.2,2238.7,1751.4,1158.2,1119.3,914.5,882.8,1084.0,1108.7,992.2,2750.6,833.3,1250.0,1140.5,921.6,1052.2,942.8,1073.4,388.4,819.2,1112.3,836.8,854.5,1133.5,1154.6,2143.3,646.2,642.6,18.0,709.7,681.5,942.8,554.4,960.2,624.6,1078.9
822.7,600.3,540.2,589.7,730.9,1059.3,1129.9,766.2,1009.9,949.8,1048.7,2221.0,1740.8,1038.1,1009.9,900.4,949.8,1186.4,1080.5,896.9,2849.5,872.2,1324.1,1108.7,932.2,953.4,960.4,1094.6,399.0,928.7,1387.7,928.7,861.6,1613.7,1172.3,1264.1,670.9,593.2,13.4,727.4,649.7,900.4,730.9,1204.0,615.8,997.9
801.5,434.3,540.2,596.7,702.7,1119.3,1119.3,932.2,854.5,978.1,1059.3,2168.0,1698.4,1119.3,985.1,964.0,868.6,1232.3,1080.5,932.2,2461.1,1052.2,1447.7,932.2,1158.2,953.4,939.2,1250.0,420.2,861.6,1129.9,808.6,953.4,1966.8,1105.2,1144.0,695.6,596.7,25.1,766.2,670.9,889.8,755.6,909.7,615.6,1065.7
713.3,391.9,642.6,628.5,674.4,1108.7,1009.9,1158.2,978.1,1179.4,893.3,1931.5,1740.8,1239.4,1151.1,1211.1,858.0,1313.5,1091.1,1091.1,2199.8,1122.9,1317.1,999.3,1105.2,865.1,1020.5,1200.5,487.3,713.3,1302.9,801.5,1024.0,981.6,1087.5,1232.3,607.3,582.6,23.7,801.5,854.5,843.9,670.9,797.4,618.9,1043.9
702.7,635.6,706.2,614.4,790.9,1069.9,1440.6,1091.1,939.2,960.4,727.4,2390.5,1638.4,1370.0,1218.2,1278.2,812.1,971.0,1101.7,1161.7,2111.5,1055.8,1430.1,992.2,1034.6,1009.9,1115.8,1151.1,632.0,660.3,1045.2,1140.5,978.1,625.0,1052.2,1232.3,490.8,575.6,27.9,925.1,1002.8,872.2,635.6,899.0,662.7,894.1
543.8,748.6,702.7,649.7,829.8,1020.5,1098.1,932.2,882.8,882.8,794.5,1878.5,1451.2,1398.3,1271.2,999.3,773.3,776.8,1119.3,1250.0,1691.3,1034.6,1550.1,1052.2,1045.2,1320.6,1059.3,1073.4,628.5,610.9,939.2,2884.8,1034.6,473.2,985.1,992.2,519.1,536.7,10.6,1020.5,840.4,918.1,755.6,948.1,702.5,822.0
610.9,730.9,762.7,582.6,808.6,903.9,1020.5,900.4,854.5,819.2,695.6,1479.5,1571.3,1528.9,1419.5,801.5,805.1,1034.6,1168.8,1140.5,1631.3,1112.3,1292.3,1264.1,1288.8,1115.8,1250.0,1182.9,706.2,649.7,932.2,1373.6,946.3,730.9,1098.1,1168.8,490.8,547.3,9.5,1062.8,670.9,900.4,900.4,806.8,705.5,724.9
706.2,755.6,713.3,444.9,981.6,992.2,1020.5,1020.5,847.4,847.4,748.6,1518.3,1571.3,1479.5,1069.9,907.5,971.0,1444.2,1338.2,1119.3,1730.2,1313.5,918.1,1320.6,1825.5,995.7,1154.6,1497.1,741.5,759.2,812.1,1709.0,865.1,776.8,1186.4,1048.7,540.2,579.1,8.8,755.6,706.2,956.9,833.3,758.3,697.0,620.4
964.0,762.7,734.4,462.6,1038.1,1080.5,942.8,900.4,854.5,971.0,960.4,1518.3,1419.5,1398.3,865.1,706.2,1260.6,1253.5,1091.1,1101.7,1578.4,1253.5,843.9,1119.3,3407.4,1105.2,1189.9,2111.5,879.2,798.0,787.4,695.6,911.0,783.9,1168.8,988.7,628.5,614.4,8.8,529.7,685.0,921.6,695.6,822.0,630.5,654.1
1031.1,759.2,642.6,473.2,946.3,1179.4,900.4,829.8,911.0,1288.8,1038.1,1458.3,1398.3,1338.2,843.9,667.4,1024.0,1002.8,1080.5,1059.3,1310.0,1267.6,935.7,1129.9,1649.0,1073.4,1084.0,1355.9,886.3,776.8,836.8,487.3,755.6,833.3,1189.9,967.5,557.9,519.1,7.8,543.8,653.2,836.8,642.6,837.3,597.4,704.1
861.6,787.4,660.3,550.8,727.4,1211.1,766.2,829.8,900.4,1938.5,826.3,1490.1,1370.0,1398.3,914.5,674.4,995.7,956.9,1151.1,988.7,1451.2,1235.9,981.6,1151.1,1384.2,1041.6,1158.2,1172.3,861.6,734.4,840.4,381.3,656.8,783.9,1105.2,974.6,561.4,473.2,7.1,720.3,706.2,854.5,670.9,801.3,617.1,807.6
667.4,872.2,805.1,554.4,685.0,1158.2,949.8,812.1,886.3,1380.6,738.0,1490.1,1380.6,1620.7,1020.5,812.1,868.6,868.6,1140.5,1009.9,1539.5,1048.7,1101.7,1009.9,1091.1,1052.2,1105.2,1129.9,872.2,759.2,907.5,320.6,614.4,783.9,999.3,893.3,550.8,448.4,7.1,674.4,755.6,819.2,801.5,841.7,656.2,908.1
656.8,833.3,1077.0,586.1,688.5,1009.9,1048.7,858.0,808.6,1408.9,759.2,1458.3,1359.4,1811.4,1020.5,861.6,787.4,865.1,1299.4,1069.9,1391.2,942.8,1211.1,932.2,833.3,1207.6,1055.8,1077.0,801.5,462.6,903.9,248.2,568.5,759.2,1009.9,956.9,589.7,409.6,8.8,522.6,692.1,787.4,787.4,829.7,696.4,947.4
713.3,985.1,978.1,550.8,646.2,907.5,911.0,790.9,812.1,1211.1,1009.9,1408.9,1419.5,1638.4,1048.7,720.3,783.9,801.5,1490.1,964.0,1320.6,960.4,1069.9,886.3,1197.0,1119.3,1024.0,1158.2,702.7,660.3,960.4,182.9,557.9,794.5,1009.9,1027.5,575.6,448.4,9.9,515.5,635.6,745.0,755.6,793.8,669.6,898.9
745.0,1048.7,734.4,536.7,565.0,1048.7,932.2,702.7,787.4,1108.7,985.1,1550.1,1451.2,1338.2,893.3,402.5,812.1,805.1,1119.3,921.6,1140.5,872.2,1013.4,1059.3,1137.0,1115.8,1009.9,1161.7,674.4,607.3,1045.2,141.9,536.7,790.9,1006.3,1024.0,554.4,494.3,8.8,483.7,730.9,716.8,854.5,815.4,684.3,849.5
780.4,967.5,621.5,600.3,543.8,1009.9,808.6,565.0,865.1,1260.6,992.2,1631.3,1391.2,1278.2,783.9,294.1,1250.0,868.6,1080.5,921.6,1041.6,889.8,1066.4,1069.9,995.7,1069.9,1006.3,1122.9,745.0,543.8,953.4,107.3,455.5,695.6,1006.3,1126.4,557.9,504.9,9.2,381.3,713.3,706.2,861.6,772.6,745.6,912.8
939.2,1239.4,727.4,519.1,603.8,1211.1,875.7,515.5,995.7,1119.3,1218.2,1518.3,1271.2,1168.8,773.3,264.8,1451.2,794.5,1048.7,914.5,995.7,1031.1,1027.5,1069.9,1189.9,1034.6,1398.3,1242.9,872.2,625.0,1080.5,326.3,547.3,646.2,1031.1,1048.7,526.1,444.9,9.5,395.5,642.6,851.0,942.8,718.2,928.3,943.5
889.8,914.5,995.7,579.1,1038.1,840.4,949.8,988.7,1031.1,1119.3,1108.7,1430.1,1179.4,1189.9,896.9,402.5,1034.6,875.7,1020.5,939.2,1331.2,978.1,1009.9,1179.4,988.7,1080.5,1302.9,1115.8,819.2,646.2,935.7,363.7,805.1,688.5,1006.3,1009.9,557.9,469.6,10.6,388.4,685.0,1596.0,1009.9,737.6,638.2,951.6
819.2,995.7,932.2,794.5,2058.6,1250.0,649.7,971.0,903.9,1218.2,978.1,1528.9,1288.8,1098.1,1031.1,480.2,981.6,1077.0,1009.9,1020.5,1479.5,879.2,1207.6,1839.7,942.8,1112.3,1242.9,1020.5,716.8,695.6,1041.6,476.7,787.4,738.0,1055.8,1009.9,582.6,568.5,10.9,367.2,699.1,942.8,939.2,715.7,670.6,961.6
833.3,1119.3,836.8,706.2,2538.8,1408.9,529.7,730.9,925.1,790.9,836.8,1878.5,1048.7,964.0,1348.8,815.7,1423.0,1027.5,1048.7,1161.7,1571.3,851.0,1373.6,1225.3,875.7,1189.9,1020.5,1020.5,688.5,1271.2,1038.1,614.4,851.0,847.4,1059.3,1013.4,656.8,540.2,53.3,340.4,716.8,706.2,953.4,700.3,759.3,925.0
999.3,1031.1,741.5,709.7,2118.6,1129.9,607.3,780.4,914.5,695.6,667.4,1670.2,903.9,999.3,1108.7,681.5,1242.9,854.5,1119.3,1140.5,1790.2,776.8,1077.0,1119.3,907.5,1154.6,914.5,1137.0,646.2,1271.2,1031.1,2185.7,949.8,949.8,978.1,985.1,649.7,550.8,15.5,462.6,794.5,843.9,949.8,735.6,920.9,854.6
1200.5,1038.1,635.6,734.4,1370.0,995.7,716.8,840.4,889.8,550.8,660.3,1620.7,971.0,981.6,967.5,494.3,706.2,893.3,1101.7,1168.8,1539.5,745.0,1027.5,1013.4,854.5,1020.5,949.8,1207.6,762.7,964.0,879.2,1366.5,1009.9,900.4,1041.6,981.6,610.9,543.8,12.4,483.7,805.1,575.6,918.1,841.6,731.4,814.0
1299.4,1189.9,557.9,745.0,1140.5,776.8,610.9,829.8,847.4,582.6,713.3,1589.0,875.7,1698.4,893.3,402.5,603.8,1105.2,1119.3,1020.5,1839.7,720.3,1144.0,964.0,812.1,1115.8,903.9,1129.9,956.9,1059.3,709.7,886.3,1020.5,981.6,1094.6,1024.0,596.7,713.3,10.9,307.6,815.7,494.3,773.3,701.1,632.5,878.1
1260.6,1179.4,660.3,692.1,907.5,759.2,642.6,833.3,836.8,547.3,918.1,1359.4,790.9,1278.2,889.8,367.2,519.1,1122.9,1408.9,918.1,2189.2,762.7,1147.6,911.0,964.0,1154.6,896.9,1077.0,942.8,1073.4,790.9,780.4,960.4,2012.7,1048.7,1059.3,614.4,688.5,14.8,266.9,759.2,483.7,649.7,616.4,621.9,921.1
1059.3,999.3,579.1,1490.1,808.6,713.3,572.0,925.1,872.2,416.7,1320.6,1211.1,865.1,1080.5,1020.5,466.1,483.7,1066.4,1539.5,851.0,1578.4,974.6,1087.5,1126.4,1038.1,1101.7,956.9,1031.1,872.2,646.2,953.4,582.6,903.9,1465.4,1016.9,1041.6,596.7,667.4,12.7,343.9,692.1,526.1,628.5,673.2,642.6,980.8
999.3,960.4,508.5,1359.4,685.0,685.0,649.7,935.7,847.4,363.7,1080.5,1239.4,911.0,734.4,1009.9,614.4,617.9,1087.5,1179.4,914.5,1408.9,896.9,1006.3,935.7,1112.3,1034.6,956.9,1031.1,766.2,780.4,836.8,921.6,861.6,978.1,978.1,949.8,607.3,628.5,10.2,264.5,681.5,607.3,723.9,712.6,676.5,946.2
1048.7,960.4,572.0,907.5,656.8,540.2,554.4,985.1,780.4,582.6,1009.9,1200.5,978.1,964.0,1108.7,600.3,660.3,1013.4,1031.1,1059.3,1338.2,971.0,1041.6,914.5,1158.2,1161.7,978.1,960.4,734.4,706.2,967.5,1228.8,946.3,900.4,1016.9,1031.1,621.5,699.1,10.2,222.5,723.9,628.5,660.3,747.4,687.7,926.8
1250.0,903.9,646.2,879.2,649.7,441.4,593.2,974.6,822.7,554.4,847.4,1158.2,1020.5,1239.4,882.8,833.3,628.5,992.2,1048.7,960.4,1228.8,921.6,1062.8,1073.4,1189.9,1059.3,1024.0,935.7,695.6,600.3,780.4,1959.7,1020.5,836.8,1084.0,1108.7,586.1,632.0,10.2,203.7,727.4,759.2,561.4,704.3,649.4,845.0
1288.8,914.5,543.8,826.3,621.5,568.5,646.2,974.6,794.5,607.3,812.1,1751.4,3488.6,1119.3,843.9,1380.6,720.3,939.2,999.3,946.3,1211.1,1034.6,1144.0,1165.2,1214.7,928.7,1006.3,1006.3,656.8,593.2,702.7,942.8,1246.4,755.6,978.1,1112.3,582.6,653.2,9.9,192.4,805.1,1758.4,727.4,744.6,650.3,782.6
1080.5,769.8,480.2,801.5,653.2,716.8,621.5,956.9,886.3,681.5,780.4,1550.1,2701.2,985.1,780.4,858.0,790.9,949.8,911.0,999.3,1168.8,1069.9,1221.7,1112.3,1172.3,794.5,854.5,999.3,766.2,547.3,653.2,572.0,1034.6,734.4,978.1,1278.2,575.6,628.5,9.5,114.4,783.9,1278.2,974.6,831.5,637.8,856.5
981.6,808.6,473.2,833.3,646.2,752.1,550.8,942.8,1091.1,780.4,759.2,1408.9,1511.3,921.6,819.2,819.2,872.2,1006.3,903.9,1031.1,1179.4,1020.5,1239.4,1137.0,1062.8,780.4,918.1,1105.2,798.0,483.7,600.3,384.9,985.1,780.4,978.1,1719.6,617.9,663.8,9.9,54.0,833.3,865.1,639.1,702.5,711.3,951.4
851.0,773.3,508.5,582.6,621.5,787.4,469.6,946.3,1038.1,840.4,748.6,1479.5,1310.0,808.6,1038.1,858.0,741.5,868.6,1041.6,1020.5,1299.4,819.2,1168.8,1112.3,988.7,790.9,1069.9,1045.2,776.8,688.5,582.6,275.4,981.6,798.0,914.5,1013.4,653.2,487.3,9.9,34.3,766.2,858.0,533.2,582.6,640.0,943.8
720.3,865.1,501.4,508.5,593.2,819.2,946.3,903.9,932.2,1020.5,706.2,1599.5,1189.9,826.3,1228.8,815.7,716.8,808.6,1080.5,1140.5,1458.3,766.2,1147.6,1105.2,932.2,875.7,1101.7,1027.5,752.1,628.5,603.8,304.4,1031.1,776.8,829.8,921.6,656.8,483.7,10.6,29.7,603.8,709.7,554.4,527.5,633.2,957.9
632.0,822.7,582.6,406.1,642.6,674.4,840.4,886.3,826.3,935.7,674.4,1719.6,1080.5,939.2,1038.1,808.6,776.8,879.2,1108.7,1140.5,1370.0,790.9,1154.6,1179.4,1038.1,1027.5,1119.3,1193.5,723.9,533.2,639.1,1949.1,1059.3,787.4,752.1,960.4,596.7,469.6,19.8,23.7,543.8,836.8,508.5,508.4,638.5,960.8
706.2,868.6,504.9,347.8,649.7,628.5,914.5,932.2,766.2,642.6,730.9,1730.2,985.1,1571.3,914.5,826.3,847.4,886.3,1129.9,1101.7,1278.2,769.8,1066.4,1214.7,1059.3,1077.0,1129.9,1225.3,685.0,497.9,589.7,1363.0,967.5,762.7,826.3,886.3,589.7,444.9,10.9,16.9,529.7,840.4,490.8,507.2,704.7,913.3
879.2,999.3,441.4,347.1,610.9,600.3,939.2,985.1,766.2,579.1,723.9,1970.3,907.5,1398.3,790.9,932.2,1020.5,911.0,1211.1,1101.7,1091.1,833.3,1034.6,1137.0,992.2,1031.1,1119.3,1052.2,635.6,600.3,660.3,1080.5,875.7,692.1,900.4,865.1,568.5,413.1,10.2,16.2,572.0,674.4,459.0,522.8,629.4,969.6
932.2,1069.9,490.8,295.9,621.5,543.8,956.9,953.4,741.5,776.8,745.0,1631.3,903.9,1189.9,999.3,946.3,1112.3,928.7,1338.2,985.1,1020.5,815.7,1165.2,1112.3,925.1,1080.5,999.3,1045.2,642.6,628.5,822.7,1144.0,833.3,787.4,822.7,688.5,561.4,363.7,10.2,15.9,628.5,589.7,490.8,531.0,617.4,919.8
988.7,872.2,586.1,266.9,695.6,589.7,995.7,879.2,836.8,776.8,773.3,1479.5,889.8,914.5,907.5,988.7,1101.7,921.6,1260.6,953.4,1009.9,745.0,1172.3,1084.0,1066.4,1055.8,1006.3,1299.4,515.5,621.5,907.5,1073.4,900.4,759.2,822.7,512.0,501.4,345.3,14.8,19.4,617.9,519.1,533.2,530.0,620.0,877.0
798.0,738.0,642.6,388.4,985.1,561.4,1009.9,699.1,826.3,790.9,798.0,1359.4,889.8,847.4,801.5,1031.1,1073.4,896.9,907.5,1048.7,1091.1,911.0,1147.6,956.9,1105.2,780.4,1161.7,1182.9,586.1,632.0,854.5,1786.7,978.1,939.2,769.8,452.0,596.7,360.2,12.7,17.3,632.0,455.5,621.5,568.4,626.3,847.3
716.8,628.5,720.3,579.1,1038.1,565.0,999.3,628.5,808.6,812.1,953.4,1440.6,900.4,1048.7,932.2,978.1,1094.6,875.7,918.1,1080.5,1380.6,812.1,964.0,861.6,953.4,759.2,1200.5,1084.0,519.1,589.7,879.2,2994.3,995.7,914.5,801.5,384.9,709.7,360.2,9.9,18.0,695.6,649.7,741.5,559.7,634.9,817.6
928.7,593.2,568.5,301.9,1020.5,582.6,1069.9,593.2,716.8,808.6,942.8,1260.6,918.1,974.6,889.8,992.2,992.2,858.0,879.2,1179.4,1370.0,780.4,836.8,879.2,949.8,893.3,1077.0,1062.8,543.8,469.6,928.7,1274.7,843.9,653.2,801.5,420.2,734.4,377.8,9.2,37.1,692.1,462.6,787.4,555.2,739.4,807.6
847.4,639.1,642.6,194.9,1048.7,582.6,949.8,600.3,699.1,759.2,858.0,1158.2,1020.5,942.8,893.3,964.0,889.8,893.3,872.2,1228.8,1250.0,720.3,861.6,978.1,1091.1,854.5,939.2,1048.7,692.1,448.4,896.9,1108.7,783.9,706.2,752.1,734.4,829.8,391.9,9.2,16.6,610.9,377.8,812.1,649.1,780.0,829.9
960.4,833.3,437.8,172.0,858.0,773.3,1288.8,603.8,667.4,748.6,787.4,1140.5,1038.1,759.2,847.4,921.6,896.9,921.6,879.2,1228.8,1059.3,706.2,854.5,981.6,1020.5,836.8,911.0,971.0,575.6,681.5,1133.5,727.4,769.8,600.3,851.0,706.2,790.9,374.3,7.8,15.5,678.0,345.3,847.4,580.5,769.3,787.8
1218.2,1048.7,434.3,305.1,918.1,1009.9,1271.2,600.3,642.6,568.5,794.5,1288.8,868.6,653.2,766.2,794.5,953.4,921.6,812.1,1009.9,921.6,709.7,872.2,992.2,1009.9,978.1,858.0,956.9,565.0,660.3,1239.4,540.2,829.8,617.9,776.8,642.6,748.6,363.7,7.4,14.5,748.6,381.3,949.8,573.3,696.0,717.7
935.7,921.6,228.1,329.1,1048.7,946.3,1211.1,519.1,617.9,568.5,801.5,1218.2,790.9,607.3,695.6,745.0,702.7,918.1,783.9,625.0,918.1,723.9,861.6,896.9,847.4,935.7,805.1,928.7,593.2,533.2,1098.1,455.5,836.8,787.4,783.9,642.6,741.5,388.4,7.4,13.4,734.4,363.7,935.7,540.8,628.7,680.7
851.0,769.8,141.9,353.1,1009.9,812.1,992.2,462.6,706.2,646.2,826.3,1098.1,713.3,614.4,540.2,713.3,709.7,833.3,815.7,504.9,1211.1,642.6,836.8,766.2,776.8,766.2,790.9,886.3,600.3,557.9,889.8,413.1,949.8,720.3,822.7,642.6,748.6,501.4,27.2,13.1,723.9,413.1,815.7,492.6,616.3,657.5
833.3,667.4,224.9,317.8,1080.5,780.4,745.0,603.8,776.8,642.6,879.2,988.7,589.7,582.6,572.0,681.5,794.5,798.0,851.0,466.1,1931.5,600.3,953.4,663.8,667.4,780.4,769.8,893.3,504.9,579.1,815.7,459.0,1119.3,642.6,812.1,628.5,745.0,430.8,31.8,12.7,755.6,286.4,794.5,495.9,640.2,733.1
2768.3,557.9,395.5,292.0,1031.1,847.4,639.1,702.7,688.5,843.9,783.9,928.7,632.0,579.1,522.6,614.4,847.4,653.2,939.2,501.4,2838.9,660.3,1112.3,670.9,730.9,911.0,667.4,861.6,455.5,632.0,741.5,347.8,978.1,769.8,805.1,692.1,642.6,384.9,363.7,13.4,748.6,204.1,805.1,506.1,700.5,948.3
1818.5,374.3,343.9,247.9,815.7,582.6,695.6,776.8,773.3,755.6,678.0,882.8,745.0,614.4,497.9,543.8,681.5,561.4,882.8,547.3,1430.1,854.5,1112.3,660.3,798.0,865.1,794.5,886.3,430.8,543.8,699.1,280.4,925.1,1055.8,851.0,702.7,245.4,363.7,170.9,12.0,755.6,195.3,819.2,501.4,704.1,712.3
1020.5,348.9,294.1,186.1,709.7,504.9,674.4,706.2,678.0,621.5,727.4,921.6,1038.1,776.8,483.7,497.9,674.4,632.0,918.1,540.2,1161.7,1479.5,1069.9,709.7,798.0,854.5,1077.0,822.7,363.7,561.4,639.1,653.2,868.6,575.6,819.2,759.2,124.6,347.5,240.5,13.1,723.9,176.2,748.6,488.5,675.2,617.2
734.4,333.0,169.8,114.1,685.0,572.0,960.4,607.3,572.0,540.2,670.9,964.0,1158.2,766.2,642.6,519.1,423.7,678.0,960.4,476.7,1161.7,1437.1,1112.3,741.5,787.4,851.0,1133.5,720.3,367.2,554.4,617.9,1281.8,843.9,543.8,685.0,706.2,113.3,334.7,381.3,9.2,730.9,182.2,713.3,481.3,701.6,588.9
646.2,306.8,139.1,111.9,893.3,533.2,568.5,526.1,568.5,547.3,579.1,981.6,1098.1,706.2,582.6,543.8,497.9,699.1,914.5,706.2,1348.8,1197.0,1027.5,656.8,741.5,812.1,914.5,589.7,374.3,565.0,565.0,840.4,759.2,519.1,667.4,617.9,85.5,328.4,83.3,39.2,702.7,232.0,635.6,468.8,820.2,521.8
466.1,384.9,131.0,107.0,1158.2,529.7,462.6,522.6,540.2,593.2,610.9,1020.5,900.4,685.0,550.8,557.9,444.9,861.6,787.4,695.6,1391.2,1016.9,865.1,568.5,709.7,759.2,843.9,589.7,363.7,501.4,596.7,575.6,695.6,480.2,610.9,547.3,49.4,180.1,22.6,39.5,678.0,224.9,600.3,458.7,788.5,515.8
402.5,340.0,114.1,107.0,734.4,430.8,441.4,508.5,519.1,625.0,783.9,939.2,861.6,720.3,391.9,540.2,582.6,1024.0,745.0,678.0,1091.1,822.7,663.8,508.5,918.1,699.1,939.2,575.6,344.6,536.7,759.2,483.7,678.0,430.8,607.3,494.3,33.5,92.9,18.4,96.0,596.7,202.7,663.8,459.7,695.2,491.0
377.8,324.9,97.1,97.1,448.4,377.8,504.9,720.3,388.4,589.7,766.2,815.7,826.3,766.2,360.2,490.8,642.6,978.1,745.0,572.0,1101.7,776.8,473.2,776.8,886.3,614.4,826.3,734.4,406.1,519.1,670.9,444.9,667.4,327.3,617.9,441.4,28.2,57.6,17.7,47.7,519.1,175.1,670.9,466.6,663.7,466.8
370.8,322.0,82.6,98.9,374.3,325.9,508.5,1310.0,363.7,561.4,790.9,812.1,833.3,798.0,353.1,402.5,918.1,822.7,667.4,632.0,1009.9,678.0,547.3,847.4,783.9,579.1,748.6,625.0,423.7,579.1,554.4,353.1,596.7,299.1,603.8,437.8,24.7,34.3,16.2,31.8,483.7,163.5,642.6,503.0,616.8,433.9
363.7,363.7,78.4,78.0,374.3,325.9,501.4,628.5,363.7,557.9,787.4,805.1,822.7,766.2,381.3,504.9,790.9,808.6,646.2,642.6,925.1,557.9,639.1,730.9,762.7,536.7,617.9,699.1,402.5,490.8,515.5,328.7,462.6,310.7,504.9,494.3,22.6,21.2,16.2,25.1,434.3,220.0,660.3,557.3,606.0,388.0
462.6,352.0,78.0,185.0,427.3,276.8,402.5,395.5,324.9,547.3,748.6,776.8,699.1,734.4,476.7,540.2,519.1,755.6,540.2,674.4,833.3,466.1,879.2,695.6,734.4,540.2,593.2,706.2,302.6,540.2,423.7,384.9,406.1,363.7,550.8,512.0,20.8,15.9,15.9,43.8,437.8,236.6,688.5,541.0,585.9,355.6
773.3,427.3,79.8,329.1,360.2,257.1,334.0,331.9,356.6,568.5,515.5,773.3,632.0,755.6,441.4,681.5,381.3,720.3,476.7,752.1,812.1,409.6,1578.4,625.0,649.7,508.5,483.7,603.8,198.1,427.3,466.1,377.8,434.3,367.2,476.7,653.2,19.4,15.2,15.9,25.1,423.7,228.8,614.4,460.3,583.5,434.6
596.7,420.2,71.0,327.0,494.3,276.1,335.1,298.0,420.2,586.1,455.5,798.0,625.0,875.7,653.2,1560.7,356.6,670.9,466.1,738.0,780.4,508.5,822.7,589.7,625.0,444.9,504.9,536.7,171.6,334.0,423.7,409.6,515.5,406.1,423.7,593.2,19.4,13.8,16.2,16.6,307.9,253.9,589.7,419.8,580.2,463.7
427.3,434.3,67.8,323.1,420.2,286.0,307.9,234.1,607.3,466.1,370.8,790.9,660.3,914.5,769.8,1041.6,423.7,614.4,543.8,716.8,762.7,452.0,635.6,610.9,579.1,490.8,533.2,476.7,152.5,321.0,462.6,399.0,512.0,399.0,413.1,575.6,19.1,12.4,15.2,13.8,275.8,255.6,639.1,427.1,583.2,511.6
483.7,462.6,62.5,103.1,310.0,299.1,301.9,235.9,699.1,490.8,312.8,1038.1,642.6,833.3,663.8,875.7,377.8,614.4,688.5,653.2,745.0,416.7,734.4,628.5,579.1,483.7,508.5,536.7,104.9,288.5,441.4,381.3,497.9,444.9,391.9,420.2,18.7,11.7,21.2,14.5,215.7,278.6,699.1,426.1,580.4,490.3
519.1,487.3,48.0,103.8,274.0,324.9,346.0,252.1,642.6,497.9,300.1,985.1,678.0,872.2,533.2,579.1,340.4,635.6,709.7,660.3,688.5,522.6,727.4,720.3,589.7,444.9,600.3,582.6,80.2,312.1,416.7,360.2,504.9,522.6,343.9,423.7,18.0,10.9,16.9,14.1,200.2,293.4,794.5,417.3,602.7,438.9
497.9,476.7,64.6,65.7,256.0,297.0,298.0,210.1,568.5,508.5,347.1,939.2,635.6,822.7,522.6,586.1,305.8,723.9,628.5,720.3,632.0,607.3,706.2,695.6,596.7,430.8,600.3,596.7,67.4,921.6,434.3,240.5,459.0,519.1,370.8,381.3,18.0,10.2,14.8,14.1,199.5,309.3,1278.2,477.4,596.5,398.8
483.7,522.6,58.3,119.0,245.1,297.0,276.1,169.8,794.5,508.5,427.3,946.3,642.6,738.0,660.3,586.1,328.4,699.1,596.7,621.5,649.7,653.2,589.7,685.0,522.6,501.4,593.2,621.5,47.0,448.4,476.7,196.3,430.8,536.7,353.1,367.2,16.9,10.6,14.8,14.5,189.3,327.3,826.3,425.2,590.1,242.0
490.8,554.4,46.6,110.9,248.9,356.6,245.1,437.8,808.6,508.5,441.4,858.0,540.2,522.6,600.3,667.4,388.4,699.1,462.6,699.1,822.7,808.6,501.4,603.8,487.3,466.1,572.0,550.8,34.6,339.7,526.1,171.3,437.8,519.1,332.3,356.6,14.8,10.2,13.8,14.1,167.4,275.1,762.7,310.4,578.9,173.4
462.6,406.1,41.7,158.9,247.9,300.1,232.0,356.6,561.4,441.4,462.6,773.3,621.5,395.5,610.9,741.5,367.2,670.9,416.7,723.9,812.1,780.4,444.9,649.7,459.0,441.4,547.3,565.0,24.7,423.7,504.9,208.3,437.8,536.7,309.0,409.6,14.5,9.2,13.8,15.2,92.9,178.7,741.5,276.9,569.1,137.2
504.9,335.1,43.1,161.0,254.9,282.8,222.1,235.9,554.4,490.8,469.6,649.7,625.0,363.7,437.8,780.4,353.1,572.0,427.3,713.3,847.4,1705.5,437.8,540.2,448.4,508.5,504.9,540.2,15.2,582.6,462.6,227.4,427.3,441.4,324.9,448.4,13.8,9.2,12.7,15.5,59.7,138.1,1175.8,170.3,571.0,111.3
377.8,277.9,50.8,46.3,239.0,266.9,263.1,246.1,568.5,593.2,402.5,547.3,522.6,469.6,367.2,833.3,312.8,519.1,536.7,769.8,808.6,1306.5,582.6,593.2,536.7,473.2,476.7,476.7,12.7,377.8,448.4,292.4,416.7,434.3,331.6,363.7,13.8,12.4,13.1,16.2,43.8,98.2,678.0,105.7,571.1,90.8
283.9,309.0,80.2,42.4,215.0,263.1,277.9,223.9,582.6,702.7,434.3,533.2,589.7,727.4,353.1,625.0,254.9,543.8,547.3,745.0,762.7,646.2,579.1,692.1,621.5,452.0,473.2,388.4,12.7,248.6,487.3,264.1,416.7,501.4,370.8,388.4,14.1,9.9,12.4,19.8,38.5,81.6,462.6,69.3,575.3,75.1
274.0,307.9,59.7,42.7,199.9,258.1,260.9,168.1,540.2,971.0,381.3,829.8,610.9,734.4,341.8,504.9,248.9,614.4,540.2,699.1,695.6,536.7,589.7,706.2,565.0,377.8,427.3,406.1,10.9,194.6,547.3,238.0,441.4,536.7,388.4,388.4,13.8,9.5,12.4,24.0,35.7,67.8,335.1,48.8,1219.1,61.3
287.1,370.8,55.8,39.2,200.9,252.8,234.1,210.8,377.8,752.1,466.1,1320.6,473.2,487.3,333.0,452.0,285.3,649.7,388.4,660.3,678.0,490.8,568.5,720.3,543.8,337.9,356.6,462.6,8.5,155.0,473.2,215.4,409.6,582.6,374.3,402.5,13.1,9.2,12.7,15.9,26.1,48.7,259.9,36.9,829.9,49.8
280.0,272.9,80.5,32.8,202.0,248.9,216.1,246.8,315.0,473.2,773.3,1398.3,430.8,351.0,318.8,399.0,344.3,614.4,353.1,709.7,656.8,459.0,600.3,663.8,469.6,331.6,381.3,593.2,16.9,118.6,444.9,200.9,480.2,444.9,356.6,413.1,13.4,8.5,13.1,12.0,15.9,35.3,264.5,30.6,477.0,40.7
246.1,253.9,60.4,26.8,187.8,239.0,227.0,236.9,307.9,388.4,967.5,1751.4,469.6,356.6,301.9,367.2,413.1,610.9,381.3,769.8,702.7,448.4,508.5,494.3,434.3,327.3,391.9,610.9,14.5,95.7,466.1,205.5,473.2,455.5,309.7,343.2,12.7,9.2,13.8,12.4,18.4,26.5,198.4,26.6,476.8,32.4
235.9,248.9,62.5,41.7,169.1,222.8,222.8,222.8,299.1,360.2,879.2,1338.2,420.2,519.1,297.0,337.9,444.9,526.1,501.4,780.4,738.0,402.5,434.3,356.6,476.7,455.5,572.0,522.6,21.5,72.4,416.7,254.6,437.8,466.1,263.8,353.1,12.7,8.8,13.8,12.4,44.8,18.7,238.0,23.5,441.3,25.3
215.0,235.9,67.4,36.7,145.1,203.0,206.9,209.0,306.8,336.9,847.4,2118.6,444.9,808.6,295.9,324.1,336.2,501.4,501.4,801.5,716.8,360.2,455.5,330.9,515.5,480.2,678.0,572.0,29.7,65.3,466.1,301.9,374.3,462.6,249.6,288.5,13.1,8.1,14.1,14.1,40.6,16.6,308.3,27.0,428.0,20.3
208.0,248.9,62.1,32.1,141.9,181.8,202.0,205.9,300.1,270.1,561.4,3100.2,448.4,575.6,301.9,315.0,307.9,522.6,572.0,790.9,688.5,346.4,473.2,347.5,589.7,473.2,752.1,678.0,26.1,57.2,550.8,614.4,335.8,336.9,252.1,211.9,12.7,7.1,13.4,14.5,22.2,16.6,299.4,23.2,412.6,18.4
209.0,250.0,53.0,30.4,131.0,176.9,191.0,209.0,260.9,239.0,448.4,2920.1,628.5,480.2,278.9,306.8,297.7,522.6,579.1,734.4,628.5,315.3,434.3,515.5,674.4,469.6,699.1,660.3,25.8,56.5,413.1,526.1,356.6,280.7,363.7,180.4,12.7,10.2,14.1,14.5,15.5,16.6,298.7,41.8,347.1,17.7
202.0,241.9,52.6,33.2,123.9,173.0,185.0,208.0,251.1,233.0,441.4,2881.3,625.0,473.2,265.9,300.1,341.4,723.9,709.7,713.3,670.9,300.8,547.3,459.0,586.1,427.3,610.9,692.1,29.3,37.4,459.0,406.1,333.0,253.2,413.1,157.8,13.1,10.9,13.8,12.4,15.2,16.6,294.1,32.6,332.4,17.3
190.0,226.0,54.4,32.1,127.8,169.1,176.9,199.1,257.1,281.1,360.2,2870.7,748.6,444.9,257.1,288.8,341.4,819.2,670.9,685.0,674.4,285.7,646.2,487.3,589.7,399.0,444.9,533.2,14.8,48.0,515.5,277.5,323.8,265.5,409.6,138.1,12.7,7.8,13.4,13.1,14.5,16.6,219.3,25.4,258.9,16.9
184.0,216.8,54.4,31.1,75.9,163.8,173.0,193.1,240.1,420.2,330.9,2980.2,586.1,437.8,252.8,278.9,406.1,776.8,529.7,692.1,681.5,282.8,716.8,522.6,568.5,391.9,391.9,406.1,16.6,45.5,543.8,276.1,327.0,301.2,420.2,124.6,13.1,7.1,13.4,13.4,14.1,15.9,147.9,24.9,146.1,16.5
176.9,210.1,56.1,28.6,114.1,158.9,167.0,190.0,228.1,294.8,333.0,2860.1,533.2,430.8,236.9,272.9,452.0,730.9,621.5,974.6,730.9,285.7,1038.1,547.3,865.1,399.0,409.6,363.7,15.9,45.9,402.5,249.6,339.7,303.3,269.1,111.9,12.7,7.1,13.4,13.1,13.1,15.5,125.0,23.2,86.0,16.1
168.1,203.0,54.7,25.4,108.0,155.0,169.1,187.1,217.9,251.1,851.0,2888.4,508.5,434.3,222.8,263.1,374.3,907.5,642.6,921.6,720.3,269.1,843.9,430.8,607.3,367.2,377.8,333.0,13.1,38.8,336.2,455.5,301.9,353.1,200.6,97.8,12.4,7.4,12.0,11.7,13.1,15.9,111.6,24.9,57.4,16.1
163.1,216.1,53.3,22.2,114.1,150.1,161.0,184.0,215.0,228.1,1550.1,2899.0,494.3,416.7,205.9,247.2,402.5,642.6,423.7,918.1,723.9,256.0,617.9,370.8,494.3,296.3,330.9,348.2,13.1,37.4,287.1,291.3,320.6,370.8,169.5,84.4,12.0,7.1,12.0,12.4,13.8,15.5,96.4,23.6,46.1,16.0
155.0,250.0,54.4,19.8,123.9,150.1,150.1,173.0,247.9,226.0,734.4,2909.5,462.6,416.7,209.0,241.2,328.0,543.8,370.8,889.8,681.5,238.0,575.6,344.6,441.4,290.2,336.9,313.6,14.5,31.4,251.8,195.6,462.6,416.7,155.0,76.6,12.4,7.1,11.3,28.6,20.1,15.2,88.6,22.9,0.0,15.7
150.1,216.8,53.7,17.7,117.9,152.9,150.1,169.8,241.9,215.0,614.4,2959.0,437.8,388.4,210.1,238.0,316.0,526.1,360.2,1069.9,815.7,233.0,557.9,374.3,391.9,384.9,353.1,287.1,13.1,28.2,222.1,160.3,473.2,565.0,156.4,67.4,12.4,7.1,11.3,31.1,33.2,14.1,83.3,22.8,0.0,15.3
145.1,197.0,50.5,50.5,114.1,152.9,152.9,168.1,221.0,210.1,473.2,3019.0,409.6,339.0,218.9,224.9,300.1,519.1,333.0,819.2,911.0,257.1,543.8,367.2,363.7,667.4,321.0,276.1,12.0,26.8,205.5,142.7,388.4,557.9,156.4,53.7,7.1,7.8,11.3,19.8,36.0,13.8,78.7,22.0,0.0,15.3
150.1,174.1,47.3,68.5,105.9,154.0,145.8,167.0,193.9,204.1,402.5,3040.2,406.1,336.9,222.1,224.9,288.1,501.4,324.9,653.2,900.4,222.8,536.7,337.2,339.3,935.7,289.2,269.4,12.0,24.4,192.4,132.8,341.4,441.4,135.6,32.1,5.6,7.1,10.2,15.5,26.8,13.8,73.1,20.1,0.0,15.2
161.0,182.9,49.4,133.1,102.0,150.1,143.0,168.1,202.0,215.0,353.1,2838.9,399.0,334.0,188.9,223.2,277.5,494.3,328.0,621.5,713.3,212.9,455.5,312.1,317.4,533.2,269.8,262.7,10.9,23.0,182.2,121.1,322.7,395.5,111.9,29.7,8.8,6.7,11.3,14.8,18.4,10.2,91.8,26.1,0.0,14.6
191.0,181.8,48.4,76.3,102.0,150.1,143.0,169.1,187.8,214.0,322.0,2228.1,391.9,294.8,180.1,217.2,275.4,423.7,309.0,607.3,628.5,212.2,384.9,295.9,290.6,508.5,254.9,259.9,10.9,21.5,158.9,133.5,309.3,363.7,96.0,27.2,9.2,7.1,13.4,13.8,13.4,9.2,66.7,63.9,0.0,13.9
176.9,182.9,42.4,44.5,103.8,135.9,146.9,166.0,169.8,259.9,301.9,2199.8,388.4,288.8,182.9,216.1,261.6,381.3,276.8,586.1,603.8,213.6,437.8,281.8,285.7,384.9,244.3,245.1,12.0,19.8,160.0,129.9,295.9,356.6,89.0,23.0,8.5,7.1,11.3,13.8,13.8,8.8,56.5,23.5,0.0,13.8
172.0,205.9,39.9,38.5,103.8,139.1,140.9,160.0,168.1,274.0,289.9,2178.6,374.3,278.9,175.8,212.9,252.5,360.2,288.1,568.5,593.2,208.7,348.9,271.2,278.9,459.0,239.8,238.0,10.9,19.1,153.2,115.8,292.7,333.0,83.7,23.0,8.5,7.4,10.6,13.4,11.3,8.5,52.6,21.8,0.0,13.6
170.9,197.0,41.3,39.9,103.8,133.8,138.1,154.0,172.0,353.1,276.8,2210.4,356.6,258.1,179.0,206.9,247.9,329.8,278.9,554.4,575.6,202.7,322.7,452.0,265.9,327.3,229.5,241.2,10.6,18.7,146.9,102.4,288.1,289.9,77.0,26.1,9.2,7.4,10.2,13.4,10.2,8.5,47.3,21.4,0.0,13.3
172.0,186.1,43.4,33.5,103.8,134.9,138.1,149.0,176.9,303.0,270.1,2221.0,353.1,252.8,169.1,194.9,239.4,309.0,274.0,543.8,568.5,199.1,313.2,409.6,256.4,300.5,224.2,231.6,10.9,19.4,141.6,97.5,279.3,243.3,79.1,27.9,8.5,7.8,10.6,13.8,9.9,8.1,42.4,20.5,0.0,12.8
157.8,206.9,43.4,30.4,103.8,155.0,138.1,135.9,169.8,253.9,264.1,2079.8,347.8,240.1,187.1,196.0,226.3,298.0,270.8,526.1,561.4,216.5,300.5,384.9,242.2,323.1,217.2,220.7,10.9,17.3,133.5,95.0,221.7,221.4,72.4,30.7,9.2,6.7,10.6,12.7,13.1,8.8,39.5,20.4,0.0,12.2
156.1,209.0,50.1,28.2,96.4,134.9,138.1,126.1,166.0,234.8,252.8,1938.5,337.9,236.9,180.1,203.0,221.4,286.0,244.0,512.0,483.7,219.6,288.5,406.1,229.5,294.1,209.0,207.6,14.1,15.2,126.4,95.7,168.4,207.6,63.9,33.2,9.5,7.4,10.9,13.1,19.8,7.8,37.4,19.7,0.0,12.0
154.0,209.0,44.8,30.7,98.9,135.9,132.1,121.8,164.9,217.9,252.1,2418.7,335.1,234.8,167.0,196.0,227.7,274.0,242.9,388.4,395.5,218.2,277.5,316.7,228.8,276.1,200.2,197.4,13.4,14.8,121.5,92.5,145.1,197.7,58.6,39.2,7.4,7.4,10.6,13.4,15.9,8.1,35.7,19.2,0.0,12.0
157.8,204.1,43.8,45.5,99.9,135.9,128.9,120.1,161.0,210.8,242.9,2341.1,336.9,205.9,161.0,198.1,221.0,261.3,240.1,323.1,353.1,209.4,273.7,292.0,228.1,253.2,192.8,192.8,12.7,14.5,117.2,90.7,130.6,188.6,57.2,43.4,8.8,7.4,10.9,13.1,11.7,8.5,34.3,18.3,0.0,12.1
169.8,193.9,38.8,38.1,102.0,133.1,133.1,117.9,157.1,203.0,232.0,2439.9,352.0,228.1,157.8,194.9,223.2,252.5,236.9,295.9,313.9,197.0,255.6,297.7,227.0,235.2,184.0,190.7,13.1,13.4,114.8,90.7,121.5,180.1,54.0,41.0,9.2,7.1,11.3,12.7,9.2,8.8,25.8,17.5,0.0,11.8
160.0,192.1,39.5,208.0,99.9,132.1,129.9,115.8,154.0,192.1,223.9,3029.6,331.9,242.9,161.0,193.9,211.2,241.5,224.9,281.1,304.0,176.6,249.6,270.5,222.8,228.5,182.6,187.1,10.2,13.1,111.6,86.9,110.9,173.7,50.1,38.8,8.8,7.4,11.3,14.5,8.8,8.8,24.0,17.5,0.0,11.8
157.1,187.8,39.5,167.0,99.6,132.1,127.8,108.0,264.1,188.9,222.8,2980.2,293.1,215.0,168.1,190.0,209.0,236.6,222.1,266.9,294.1,173.4,239.8,261.3,213.6,228.5,181.1,189.3,10.6,13.8,109.1,85.8,101.7,169.5,46.3,38.8,9.9,7.1,11.7,13.8,9.5,9.9,25.1,17.4,0.0,11.6
158.9,176.9,39.5,93.9,96.0,127.8,127.1,107.0,210.1,182.9,217.9,2630.6,274.0,206.9,166.0,360.2,207.3,240.5,217.2,258.1,282.8,168.8,234.8,256.7,206.6,247.2,177.3,181.8,14.1,13.4,104.5,82.6,93.6,164.2,42.7,38.1,9.5,7.1,11.3,13.1,8.5,10.9,25.4,16.6,0.0,11.5
151.8,172.0,40.3,81.6,95.3,127.1,122.9,108.0,199.1,174.1,211.9,2478.8,276.1,196.0,163.8,230.9,209.0,232.0,211.9,251.1,300.8,168.8,242.6,248.2,203.0,217.2,172.0,170.5,9.9,12.7,101.3,81.2,87.9,154.7,44.1,36.0,9.5,7.1,11.3,13.1,9.5,12.7,25.1,16.3,0.0,11.4
151.1,172.0,38.8,69.9,93.2,129.9,122.9,110.9,374.3,167.0,202.0,2139.8,272.9,193.1,157.1,211.9,204.8,240.8,209.0,244.0,282.8,168.1,234.8,245.4,201.6,249.3,170.2,164.5,10.9,12.7,98.5,79.8,82.3,149.7,45.9,34.6,9.5,7.1,11.3,12.7,10.6,12.4,24.7,16.3,0.0,11.4
145.1,169.1,36.0,64.6,91.5,133.1,115.8,120.1,193.9,169.8,199.9,1119.3,269.1,184.0,147.9,208.0,197.7,241.5,208.0,236.9,271.9,163.8,232.3,227.4,196.3,294.8,169.5,164.2,13.1,12.7,96.7,77.3,79.1,151.1,43.8,32.8,8.5,7.1,11.3,13.1,10.6,16.2,27.5,15.6,0.0,11.3
146.9,168.1,29.0,65.3,87.9,132.1,115.8,166.0,174.1,166.0,202.0,755.6,269.1,187.1,145.8,188.9,195.3,247.9,206.9,232.0,260.9,161.7,235.2,217.2,194.6,265.5,168.1,161.7,12.4,12.4,94.6,76.3,77.7,147.6,40.3,32.5,7.8,7.1,10.9,13.1,10.9,17.7,32.8,16.2,0.0,11.4
145.8,172.0,27.2,64.3,88.6,131.0,115.1,199.1,152.9,158.9,199.1,653.2,259.9,192.1,143.0,187.1,196.0,241.2,205.2,229.9,248.9,170.5,238.7,205.5,192.8,297.3,166.3,156.4,13.1,12.4,89.0,74.2,76.3,150.4,35.3,32.5,7.8,7.1,10.6,13.4,10.6,11.3,26.8,15.6,0.0,11.6
151.1,174.1,37.4,63.6,87.6,129.9,113.0,135.9,135.9,147.9,192.1,579.1,242.9,182.9,143.0,182.9,192.1,240.8,203.0,232.0,239.0,169.1,262.0,205.5,188.9,253.5,163.5,149.4,12.0,12.0,92.9,70.6,72.7,149.0,34.3,31.1,9.5,7.8,10.9,13.4,10.9,11.7,24.7,15.4,0.0,11.4
139.1,172.0,37.4,60.4,87.9,132.1,115.1,145.8,135.9,145.8,187.8,529.7,256.0,181.1,141.9,179.0,181.1,242.2,199.9,258.8,233.0,167.4,293.4,206.2,185.4,214.0,156.4,144.4,11.3,11.7,86.5,69.2,70.3,144.8,34.3,29.0,8.8,8.8,10.9,13.4,10.2,12.0,23.0,15.4,0.0,11.2
133.8,167.0,37.4,57.6,88.3,128.9,111.9,141.9,127.1,146.9,181.8,480.2,264.1,176.9,140.9,176.9,184.0,232.7,211.2,262.0,233.0,165.3,289.9,202.3,174.8,185.7,149.7,141.2,18.4,11.3,84.0,70.3,70.6,140.5,37.4,28.6,9.5,9.2,11.7,14.1,9.9,11.7,21.5,15.4,0.0,11.1
156.1,167.0,37.8,68.1,85.1,128.9,113.0,137.0,126.1,143.0,180.1,427.3,270.1,181.1,138.1,175.8,187.8,224.2,205.2,244.0,229.2,166.0,265.5,199.1,166.7,161.7,142.3,152.9,25.4,12.4,85.5,68.1,69.2,140.9,38.1,29.0,10.2,8.5,12.0,13.4,10.6,11.7,20.1,14.9,0.0,11.0
156.1,167.0,38.8,95.7,79.8,127.1,107.0,132.1,122.9,140.9,173.0,384.9,259.9,181.1,134.9,172.0,197.4,215.7,209.0,291.0,226.0,163.5,251.1,200.6,159.2,159.2,142.3,149.0,18.4,37.1,86.5,65.3,65.0,135.6,36.4,29.3,11.7,7.8,11.7,13.4,11.3,11.3,18.7,47.9,0.0,10.8
156.1,194.9,40.3,66.7,78.7,126.1,104.9,126.1,132.1,138.1,173.0,345.0,258.1,169.8,131.0,168.1,198.1,208.0,199.9,240.1,215.0,162.8,240.5,193.5,156.1,168.8,138.4,146.9,15.9,15.9,79.4,61.4,63.9,139.8,35.3,28.2,14.8,8.1,12.0,13.1,10.9,11.7,16.9,34.3,0.0,10.7
157.1,199.1,38.1,54.0,76.6,145.8,98.9,120.1,126.1,132.1,175.1,311.8,258.1,169.1,134.9,164.9,182.2,204.8,187.8,211.2,208.0,159.2,232.7,189.3,160.7,182.2,133.5,140.9,14.8,15.9,80.5,61.4,63.9,134.2,34.6,27.5,10.6,7.8,11.7,13.1,10.2,11.7,16.6,27.1,0.0,10.9
149.0,187.1,36.7,45.2,75.9,126.1,101.0,121.1,110.9,140.9,174.1,815.7,270.1,173.0,133.8,163.8,172.3,203.0,187.1,196.0,205.9,144.8,227.7,187.8,164.9,198.4,129.6,147.6,17.7,13.8,78.4,61.4,63.6,131.0,35.0,27.9,9.2,7.1,10.6,13.1,10.2,11.3,16.6,24.5,0.0,11.0
156.1,182.9,36.4,39.9,77.0,129.9,93.6,126.1,108.0,146.9,169.1,1479.5,268.0,176.9,129.9,162.1,168.4,188.9,187.1,190.0,202.0,148.7,209.4,185.4,153.2,188.9,127.1,146.9,24.4,12.4,77.7,59.7,63.2,131.7,35.0,28.2,9.2,6.7,10.9,13.1,10.2,10.9,16.2,22.6,19.0,11.7
155.0,181.8,36.4,35.3,80.5,132.1,97.8,120.1,107.0,137.0,161.0,1638.4,259.9,175.8,131.0,164.9,158.2,193.9,185.0,180.1,198.1,145.1,224.6,181.5,149.0,178.7,124.6,143.0,12.7,10.6,77.3,58.3,60.7,129.9,36.0,28.6,9.2,7.1,10.9,13.4,10.2,10.9,16.6,20.4,32.9,11.3
160.0,180.1,38.8,34.3,80.5,131.0,94.6,116.9,107.0,127.8,163.8,2040.9,250.0,175.1,137.0,162.1,158.2,187.5,181.1,184.0,198.1,146.9,208.7,176.2,148.7,179.4,122.9,142.3,9.2,8.8,77.0,58.3,58.6,123.6,35.0,28.2,9.2,7.4,10.6,13.1,10.6,10.6,16.2,19.2,16.9,11.0
151.8,179.0,39.9,32.8,80.5,127.8,93.9,115.8,109.1,125.0,166.0,2079.8,242.9,184.0,133.1,157.1,161.0,178.7,175.8,190.0,196.0,149.4,197.7,175.1,145.1,178.7,122.5,138.8,8.5,9.2,77.3,59.3,58.6,116.5,35.3,26.1,10.2,7.4,10.9,12.4,9.9,10.9,16.6,20.4,15.4,10.9
151.8,176.9,36.4,30.4,79.4,129.9,94.6,109.1,101.0,122.9,163.1,2139.8,235.9,192.1,127.8,154.0,157.5,170.5,179.0,193.9,196.0,148.7,186.4,173.4,137.0,175.5,121.1,140.2,6.0,12.0,77.7,59.3,55.4,112.3,35.3,25.4,9.9,7.1,11.3,12.0,10.2,10.6,16.6,19.5,15.0,10.8
151.8,173.0,33.9,29.0,78.7,129.9,94.6,107.0,95.0,125.0,164.9,2168.0,246.1,193.1,129.9,150.1,150.8,188.6,172.0,188.9,188.9,145.1,178.7,172.7,139.8,178.0,117.9,139.1,8.5,14.1,79.1,59.0,67.4,116.9,35.3,26.1,9.2,6.4,11.7,12.0,10.6,10.9,16.6,19.8,14.7,11.0
151.8,170.9,33.9,28.2,79.8,128.9,96.7,119.0,96.0,143.0,164.9,2259.8,246.1,192.1,133.8,146.9,149.0,232.7,175.1,182.9,187.1,140.5,174.1,167.7,147.2,167.7,116.5,135.9,11.3,11.7,77.3,57.9,63.9,117.6,35.3,25.8,14.5,6.4,11.3,12.4,11.3,10.9,16.6,18.4,14.6,10.7
154.0,172.0,39.9,27.9,78.7,125.0,91.8,114.1,97.5,137.0,166.0,2549.4,233.0,182.9,131.0,145.1,156.1,221.7,169.8,175.8,187.8,135.6,174.1,166.3,127.5,163.5,114.8,134.5,9.2,10.9,74.5,59.0,67.4,113.7,35.3,24.4,9.9,6.7,12.0,12.4,13.1,10.6,16.2,16.9,14.2,10.7
154.0,169.1,42.0,26.1,77.0,123.9,92.5,116.9,93.2,139.8,162.1,2521.1,228.8,185.0,129.9,140.9,156.8,205.5,172.0,164.9,188.9,139.1,173.4,163.5,141.6,163.1,116.2,131.4,9.5,10.6,70.3,56.8,66.0,110.5,34.6,24.4,9.5,7.1,12.4,12.4,12.7,10.6,15.9,16.9,19.8,10.8
146.9,163.8,44.8,24.0,76.6,122.9,98.9,121.1,91.1,127.8,161.0,2521.1,228.1,188.9,122.9,139.8,151.8,222.5,169.8,162.1,190.0,140.9,167.4,161.4,143.4,164.5,115.5,129.2,9.2,10.2,66.0,56.8,65.7,114.8,35.0,25.4,9.9,8.1,12.7,12.4,13.1,10.2,15.9,17.8,20.7,10.8
150.1,166.0,43.1,27.5,75.2,122.9,103.1,114.1,93.9,122.9,160.0,2510.5,221.0,191.0,111.9,135.9,149.7,172.0,168.1,168.1,192.1,135.9,161.0,179.0,140.2,164.2,114.4,130.6,10.9,10.2,64.3,57.6,63.6,114.8,54.0,24.4,4.2,8.1,12.4,12.7,11.7,10.6,15.9,16.3,15.8,10.8
133.8,176.9,40.3,37.4,72.7,121.1,98.9,114.1,91.5,122.9,160.0,2521.1,211.9,179.0,110.9,134.9,143.7,160.7,170.9,172.0,193.1,140.2,163.5,168.8,168.4,162.8,115.8,131.7,11.3,10.2,69.2,56.8,63.9,126.4,93.2,24.7,3.9,7.1,12.4,12.7,12.4,10.2,15.9,15.2,14.5,10.8
140.9,156.1,39.2,32.8,69.2,120.1,93.6,246.1,94.3,119.0,151.1,2450.5,210.1,170.9,119.0,135.9,144.1,160.7,150.1,175.1,191.0,132.8,164.5,163.8,140.2,158.5,119.7,131.7,10.2,10.2,69.9,54.7,73.8,117.2,74.2,26.1,19.8,7.4,11.7,13.1,13.1,10.6,15.9,14.8,14.4,10.8
145.1,151.1,41.7,26.8,66.7,122.9,97.1,131.0,96.0,115.8,149.0,2418.7,210.1,169.1,115.8,129.9,141.9,167.7,145.8,182.9,188.9,128.2,173.4,162.4,158.5,165.3,118.6,129.6,9.5,10.6,60.7,54.4,68.9,110.5,56.8,26.8,11.7,7.8,12.0,13.4,13.4,10.6,15.5,14.2,17.1,11.0
144.1,173.0,43.1,24.0,64.3,121.8,90.4,104.9,98.2,114.1,150.1,2408.1,204.1,166.0,114.1,127.1,139.8,186.8,141.9,180.1,188.9,131.0,168.1,165.6,140.5,161.4,118.6,158.5,11.3,10.6,56.8,55.1,67.1,107.0,57.6,27.2,17.3,7.4,12.0,12.7,13.1,10.9,15.5,14.0,20.7,10.9
149.0,196.0,42.7,20.8,62.1,121.8,86.2,93.9,96.4,111.9,147.9,2401.1,203.0,163.8,117.9,134.9,138.8,206.9,135.9,173.0,186.1,124.3,160.0,166.0,132.4,154.0,117.9,148.3,25.8,10.2,54.4,54.0,63.2,104.2,54.0,27.9,10.6,7.4,11.7,12.4,13.1,12.0,15.2,14.0,15.0,10.8
149.0,193.1,43.8,19.8,61.8,121.8,80.9,92.5,91.1,116.9,141.9,2379.9,198.1,160.0,121.8,140.9,138.4,208.0,137.0,185.0,181.8,119.0,163.5,164.9,140.5,151.1,116.5,139.8,21.5,11.7,53.3,51.9,62.9,101.0,48.4,27.5,10.6,7.8,12.4,11.3,13.4,11.3,15.2,14.3,14.3,10.8
151.8,185.0,43.1,20.1,61.4,121.8,81.2,93.9,87.9,117.9,144.1,2390.5,182.9,161.0,126.1,144.1,141.6,206.9,137.0,205.9,179.0,116.5,162.4,159.2,136.3,147.6,116.9,128.9,18.0,12.0,53.3,53.3,60.0,95.3,44.1,27.5,9.5,8.5,12.0,10.2,13.4,10.9,15.5,20.7,14.0,10.5
143.0,176.9,43.8,23.0,61.1,125.0,84.4,98.9,86.5,109.1,144.1,2429.3,179.0,164.9,123.9,140.9,135.6,206.9,138.1,203.0,175.1,110.9,191.7,152.2,137.7,145.8,115.1,120.4,17.7,10.6,56.5,53.0,58.3,94.3,38.8,28.2,9.9,8.1,11.7,10.2,14.1,12.0,15.5,22.5,14.1,10.7
144.1,168.1,47.7,26.5,61.8,126.1,79.4,109.1,85.1,115.1,139.8,2609.4,178.0,163.8,117.9,139.1,136.6,203.7,138.1,200.9,182.9,109.1,179.0,144.8,135.9,139.8,113.7,126.8,13.8,10.9,51.9,51.2,56.1,94.3,40.6,27.5,10.9,7.4,11.3,10.9,13.8,13.1,15.2,17.5,14.1,11.0
145.1,163.8,38.8,19.1,61.4,125.0,79.8,158.9,86.9,110.9,133.8,2620.0,175.1,162.1,117.9,138.1,138.4,202.0,135.9,341.1,176.9,107.3,163.5,141.6,129.9,142.7,111.9,127.5,7.1,11.3,52.6,51.2,55.1,93.6,38.1,27.9,10.6,7.4,10.6,11.3,13.8,12.7,15.2,15.9,27.9,10.9
144.1,169.8,37.1,17.3,61.1,120.1,83.3,166.0,85.5,115.1,132.1,2630.6,173.0,172.0,116.9,134.9,142.7,193.1,133.8,248.9,168.1,108.4,154.0,141.2,132.8,137.4,112.3,122.2,10.9,11.7,54.7,48.4,68.1,99.6,38.5,27.9,10.6,7.1,10.6,11.3,14.1,12.7,14.8,15.7,15.6,11.0
144.1,172.0,40.6,23.0,60.0,119.0,83.3,294.8,84.0,111.9,123.9,2701.2,168.1,204.1,117.9,134.9,166.7,181.8,131.0,215.0,163.8,106.3,147.9,133.8,131.0,133.8,113.7,121.1,15.9,10.6,55.8,48.4,66.0,95.0,36.0,26.8,10.6,7.4,10.6,11.3,13.8,13.1,14.8,16.1,14.4,11.1
143.0,168.1,44.8,26.5,60.0,116.9,81.9,264.1,80.9,113.0,121.8,2521.1,163.8,198.1,107.0,134.9,169.5,168.8,127.8,198.1,167.0,98.9,143.0,132.8,128.5,135.2,111.6,119.3,10.9,10.9,55.1,47.0,60.7,90.4,39.5,25.8,11.3,7.8,10.6,10.9,14.1,12.7,14.8,16.5,14.2,11.1
140.9,166.0,45.9,24.7,56.5,117.9,80.5,170.9,80.9,115.8,123.9,2549.4,179.0,181.8,109.8,134.9,166.7,166.7,122.2,193.1,164.9,94.3,142.7,129.9,125.7,140.5,110.5,118.3,8.1,11.7,56.8,45.5,58.3,88.6,43.4,25.4,10.9,8.5,11.3,10.9,13.4,11.3,14.8,16.2,14.1,11.0
143.0,158.9,48.0,23.0,57.6,125.0,76.3,125.0,79.8,132.1,120.1,2521.1,181.8,152.9,108.0,133.1,156.4,162.8,122.9,190.0,164.9,99.6,143.4,127.8,126.4,134.9,107.7,117.6,9.5,12.4,55.8,45.5,56.8,88.3,38.1,25.4,10.2,8.1,11.3,12.0,13.8,10.6,15.2,15.9,14.1,10.9
137.0,164.9,48.0,23.0,55.1,123.9,75.9,123.9,72.4,252.1,121.8,2468.2,172.0,154.0,108.0,129.9,140.5,164.9,127.1,188.9,161.0,95.3,145.8,128.5,117.6,131.0,108.0,116.2,9.5,13.4,52.6,44.1,56.5,85.1,42.7,25.1,10.2,8.5,10.9,12.0,13.4,10.6,15.2,16.1,13.8,11.0
138.1,164.9,48.0,22.6,54.7,123.9,74.9,121.8,78.4,175.1,129.9,2528.2,155.0,122.9,103.8,131.0,137.4,162.8,126.1,186.1,158.9,91.8,140.9,125.4,116.9,128.2,107.0,115.8,7.4,13.4,51.6,41.7,54.4,82.3,49.1,24.4,10.6,8.1,10.9,12.0,13.4,10.9,14.8,16.0,13.4,11.2
137.0,161.0,45.2,22.6,57.6,125.0,73.1,125.0,77.0,188.9,155.0,2669.4,151.8,137.0,108.0,131.0,134.5,157.8,122.2,187.1,160.0,89.7,139.8,132.8,130.6,123.9,103.5,114.8,10.2,13.4,49.8,39.5,54.4,81.6,42.4,24.0,10.6,7.8,10.9,12.0,13.1,10.6,16.2,16.1,13.1,10.9
138.1,161.0,44.8,24.4,57.6,125.0,72.7,128.9,78.7,168.1,140.9,2641.2,180.1,139.8,108.0,120.1,149.0,154.7,122.2,184.0,169.1,96.0,138.1,141.6,121.1,123.6,104.5,113.7,7.4,13.1,47.3,41.7,54.4,83.0,43.1,22.6,10.9,7.8,11.3,11.7,13.1,9.9,18.0,18.3,13.2,10.8
137.0,162.1,42.0,25.1,57.2,123.9,72.7,132.1,77.3,147.9,133.1,2468.2,186.1,139.1,105.9,120.1,161.0,108.8,122.9,181.8,169.1,83.7,139.1,137.7,119.3,119.3,104.9,111.6,6.4,13.4,43.4,39.9,53.3,79.1,43.8,21.2,13.8,7.8,11.3,12.0,13.1,9.9,14.8,16.1,13.4,11.1
137.0,163.8,38.8,26.1,57.2,120.1,82.6,134.9,77.3,133.1,128.9,2761.2,181.1,149.0,105.9,116.9,185.7,128.5,122.9,181.1,162.1,79.1,146.5,132.1,116.5,116.5,103.1,109.8,10.2,13.8,48.0,36.7,48.7,77.3,43.1,20.5,10.9,7.4,10.9,10.2,13.1,10.6,14.8,15.9,13.2,10.8
145.8,163.8,22.2,24.4,56.1,117.9,78.4,132.1,77.7,138.1,126.1,2750.6,180.1,144.1,111.9,114.1,256.0,129.2,127.8,176.9,163.8,88.6,143.7,131.0,117.6,116.2,101.0,109.8,10.6,13.4,47.0,41.0,48.0,76.3,43.4,19.4,10.2,7.1,10.9,9.5,13.1,10.6,15.2,16.0,13.0,10.9
160.0,156.1,28.2,24.4,57.6,113.0,74.9,128.9,79.4,157.8,123.9,3209.7,191.0,141.9,97.1,115.1,232.0,128.5,139.8,173.0,170.9,91.1,156.1,131.0,115.8,125.4,98.2,108.8,8.5,14.5,48.0,49.8,44.8,72.7,41.3,18.0,9.5,7.1,10.6,9.5,13.1,10.9,14.8,15.7,12.7,10.9
169.8,151.1,38.8,27.5,58.3,110.9,68.5,115.1,73.4,145.8,121.1,2881.3,181.8,140.9,89.7,111.9,251.4,128.2,137.0,175.1,166.0,91.8,164.9,127.5,113.3,123.2,96.7,108.4,9.5,14.5,50.5,46.3,44.1,71.7,45.2,17.7,11.3,7.8,10.9,9.5,13.1,14.8,14.8,15.6,12.7,10.8
169.1,151.8,41.0,45.9,57.9,110.9,67.4,105.9,72.4,185.0,117.9,2729.5,180.1,135.9,99.6,110.2,298.4,127.5,127.1,185.0,161.0,85.8,153.2,128.9,135.2,117.9,96.4,107.3,6.0,14.8,45.9,43.4,43.4,75.6,40.3,18.0,10.2,7.8,10.9,9.5,12.7,11.3,14.8,15.7,12.9,10.8
169.1,151.8,41.0,46.6,58.3,110.9,69.2,98.5,73.8,215.0,114.1,2648.3,182.9,135.9,99.2,107.0,274.7,127.5,122.9,178.0,152.9,81.9,163.1,125.4,157.1,117.2,95.0,105.2,6.7,14.8,43.4,42.0,42.7,76.6,45.2,17.7,9.9,8.1,10.6,9.5,12.4,10.6,14.8,15.7,12.7,10.6
169.1,154.0,40.6,42.0,57.9,110.9,72.0,107.0,71.3,187.1,114.1,2620.0,185.0,133.1,99.2,105.9,262.7,127.1,122.2,185.0,151.1,80.5,151.8,126.1,143.0,115.8,95.0,106.6,4.6,14.8,42.7,39.9,39.5,75.2,38.8,18.7,9.9,8.1,10.9,10.6,14.1,9.9,14.5,15.7,12.5,10.8
169.1,154.0,45.5,28.2,55.8,110.9,72.7,90.7,67.4,166.0,113.0,2680.0,192.1,135.9,101.0,113.0,224.9,126.8,120.1,199.1,149.0,79.8,149.4,123.9,132.4,113.7,93.9,106.3,3.2,15.2,41.7,37.1,38.5,75.9,35.3,19.8,10.2,8.1,10.6,9.5,18.0,10.2,14.5,15.8,12.5,10.7
154.0,146.9,51.9,26.1,58.3,110.9,71.3,80.5,71.3,151.1,110.9,2669.4,197.0,127.8,102.0,123.9,204.8,126.1,117.9,197.0,147.9,75.6,145.8,124.6,132.4,109.5,93.6,104.5,1.4,15.5,43.4,38.5,35.7,71.3,35.0,20.5,10.2,8.1,10.6,9.2,13.8,10.2,14.5,16.0,12.3,10.4
139.8,144.1,54.0,29.3,58.3,110.9,72.7,93.2,72.7,163.1,109.1,2630.6,188.9,127.1,114.1,120.1,199.9,126.1,119.0,181.8,145.1,74.5,141.2,125.4,125.7,110.2,92.2,104.2,1.1,15.5,46.3,39.2,37.1,69.6,37.1,21.5,10.2,8.1,10.2,9.5,13.1,10.2,14.5,16.0,12.2,10.2
139.8,150.1,42.0,24.0,59.0,110.9,73.8,87.6,74.9,149.0,109.8,2641.2,187.1,132.1,113.0,115.1,186.8,126.1,119.0,175.8,141.9,72.4,142.3,123.6,120.1,108.0,90.4,103.8,1.8,15.2,46.6,37.1,38.5,69.6,35.3,23.0,9.5,8.8,10.2,9.5,13.1,10.6,14.8,15.6,12.1,10.6
139.8,150.1,36.4,18.7,59.0,110.9,74.9,108.0,78.7,146.9,109.1,2630.6,181.8,133.8,115.1,111.9,173.4,126.1,122.9,166.0,139.8,71.3,142.3,123.9,113.7,107.7,90.0,102.8,1.8,15.2,48.0,36.4,40.3,70.3,34.6,22.2,10.2,8.5,10.2,10.2,13.1,10.9,14.5,15.6,12.2,10.3
None,146.9,None,None,None,110.9,None,None,None,199.9,None,None,None,133.8,None,None,None,128.9,None,None,None,75.9,None,None,None,107.0,None,None,None,15.2,None,None,None,69.9,None,None,None,8.1,None,None,None,10.9,None,None,None,10.5
